id,raw_id,name,x,y,area
admin_area:0,0,,13519130.740121316,3643050.925993358,0.0
admin_area:1,1,,13518348.079651922,3635687.4366347683,0.0
admin_area:2,2,,13517126.528205583,3638271.9511503805,0.0
admin_area:3,3,,13531357.807433968,3670835.632118084,0.0
admin_area:4,4,,13497970.301468056,3678587.9394673626,0.0
admin_area:5,5,,13508477.588288462,3653509.664504279,0.0
admin_area:6,6,,13516827.109051675,3640889.395320449,0.0
admin_area:7,7,上海主张界,13508230.273115948,3744467.0074474695,0.0
admin_area:8,8,黄浦区,13523006.598410305,3661098.389344368,28200021.82398721
admin_area:9,9,浦东新区,13599272.390115961,3638987.1361915846,6857305657.287058
admin_area:10,10,杨浦区,13528082.717979562,3671851.879545452,83160687.5947106
admin_area:11,11,虹口区,13523186.96239389,3668995.195953268,32097845.539157305
admin_area:12,12,静安区,13519313.817938471,3668214.6628766297,50462898.42533029
admin_area:13,13,宝山区,13514672.62911523,3685514.5838394626,505185097.90280473
admin_area:14,14,普陀区,13512772.077782212,3666535.0065205283,76628844.19711843
admin_area:15,15,长宁区,13511560.77153406,3659954.7630374627,50969069.7225825
admin_area:16,16,闵行区,13515802.730738275,3644344.1846168153,509649188.584621
admin_area:17,17,嘉定区,13496338.489497904,3679631.453856738,636558807.676481
admin_area:18,18,崇明区,13585576.289442891,3692084.0863995985,8925231550.962881
admin_area:19,19,奉贤区,13535436.019509614,3613512.469252131,1627900215.569061
admin_area:20,20,金山区,13500056.44336913,3607712.217509339,1030500815.4853281
admin_area:21,21,松江区,13493689.876679689,3634985.1755506285,825425609.462199
admin_area:22,22,张庙街道,13519264.141120367,3676741.867332507,6540260.730441965
admin_area:23,23,宝山工业园区,13507997.3561136,3673063.995730497,7414256.711468057
admin_area:24,24,淞南镇,13522948.089188049,3678036.76858699,19487607.080204595
admin_area:25,25,罗店镇,13508992.172705242,3685753.8356744195,61052449.19832227
admin_area:26,26,罗泾镇,13507784.525879612,3694845.6653492865,56721133.44755488
admin_area:27,27,庙行镇,13516898.914123623,3675813.3997132946,8272267.239670963
admin_area:28,28,高境镇,13522354.415116394,3675022.6969310595,9781085.089909712
admin_area:29,29,顾村镇,13511684.624361498,3678931.5209416,57291089.72592765
admin_area:30,30,大场镇,13512603.144325407,3672895.072456875,50681484.672212765
admin_area:31,31,杨行镇,13518378.344506055,3682676.3745364333,54116080.03312257
admin_area:32,32,月浦镇,13515712.6952731,3689484.849900261,66973683.678328626
admin_area:33,33,吴淞街道,13524546.03790605,3681768.4745688834,12510790.937746944
admin_area:34,34,方松街道,13492478.680754691,3637138.629428019,20276690.70732597
admin_area:35,35,洋泾街道,13529920.24994681,3664171.422965877,10252507.050543165
admin_area:36,36,海永镇,13516393.425636731,3737872.244327639,25962979.877962053
admin_area:37,37,花鸟乡,13660014.48725407,3617401.847030241,139614419.61005303
admin_area:38,38,外滩街道,13523415.319644103,3663619.7102607144,3047842.360930903
admin_area:39,39,半淞园路街道,13524118.818381112,3659636.3076920193,3920829.8253246676
admin_area:40,40,老西门街道,13523563.5316845,3661132.6528709265,1662627.1665622352
admin_area:41,41,豫园街道,13523538.984392056,3662229.787018814,1645116.4561023265
admin_area:42,42,小东门街道,13525053.618907154,3661432.286725023,3700339.174712964
admin_area:43,43,打浦桥街道,13521885.906540655,3659933.3105281363,2158930.468858384
admin_area:44,44,五里桥街道,13522644.905342104,3658561.9875935977,4179185.4059362933
admin_area:45,45,淮海中路街道,13522188.896679722,3661414.782467512,1943431.7550997762
admin_area:46,46,瑞金二路街道,13520913.401307352,3661181.281736261,2664048.449995092
admin_area:47,47,南京东路街道,13521820.872737272,3663287.108945413,3277670.7604645723
admin_area:48,48,潍坊新村街道,13527464.23970363,3662000.2733821925,5115347.915476286
admin_area:49,49,陆家嘴街道,13526251.10445789,3663832.4876387715,9397696.86359453
admin_area:50,50,塘桥街道,13527222.528346261,3660213.379653685,5191127.918039241
admin_area:51,51,花木街道,13531027.468473528,3660250.4518322814,28903502.059897356
admin_area:52,52,夏阳街道,13483256.12884147,3649346.0487834867,49690335.92487589
admin_area:53,53,重固镇,13488934.192009807,3659665.791162727,39966346.247291
admin_area:54,54,华新镇,13494127.010458179,3661620.323001386,64898367.112116724
admin_area:55,55,香花桥街道,13482817.130902568,3658029.2914497447,86269199.11137529
admin_area:56,56,徐泾镇,13499904.583513623,3655312.5555546754,54188715.080488026
admin_area:57,57,盈浦街道,13479415.258286249,3652915.738815937,22571985.641713426
admin_area:58,58,朱家角镇,13472017.808943853,3645504.1641319836,184725482.73759523
admin_area:59,59,练塘镇,13474005.586217312,3632774.2162900907,127083984.59039894
admin_area:60,60,金泽镇,13462804.115301955,3641927.665877201,148914031.34981158
admin_area:61,61,北外滩街道,13524923.568326015,3665654.971881256,5383723.897620212
admin_area:62,62,四川北路街道,13523096.090505442,3666698.7213610406,2453049.4683808153
admin_area:63,63,嘉兴路街道,13524602.260416554,3667247.38359354,3589369.8141595554
admin_area:64,64,平凉路街道,13527639.332930552,3666212.250925846,4371058.57049291
admin_area:65,65,江浦路街道,13526585.203055859,3667804.2021561936,3179388.843632845
admin_area:66,66,欧阳路街道,13523656.341627724,3668378.528135275,2287908.3449996
admin_area:67,67,曲阳路街道,13523766.119581388,3670105.9947200282,4196340.47671233
admin_area:68,68,四平路街道,13525514.788633987,3669407.2553481036,3631459.5566227185
admin_area:69,69,五角场街道,13525491.809429089,3671912.9410973927,10177829.97302642
admin_area:70,70,控江路街道,13527520.605380677,3669501.322324498,2931982.689113372
admin_area:71,71,广中路街道,13521935.964100154,3668677.669915527,3954222.749967917
admin_area:72,72,凉城新村街道,13521421.192474628,3670666.662192723,4447940.192357503
admin_area:73,73,江湾镇街道,13522338.25928267,3672531.8084988957,5785290.594959366
admin_area:74,74,延吉新村街道,13528964.092988053,3670110.901001935,2692086.722219447
admin_area:75,75,大桥街道,13529108.965571042,3667493.5220257216,6009390.073687877
admin_area:76,76,定海路街道,13531173.87837005,3669329.831440635,8523846.792946303
admin_area:77,77,长白新村街道,13530348.910665141,3671186.0839877417,4171987.5114277015
admin_area:78,78,长海路街道,13528694.535024645,3672920.1403440647,12199057.436296815
admin_area:79,79,新江湾城街道,13525908.557628643,3675653.9476468135,12052760.002589867
admin_area:80,80,殷行街道,13529477.635329053,3675555.717960846,13219839.422654307
admin_area:81,81,新华路街道,13516702.923991157,3659641.9144816357,3011441.120688713
admin_area:82,82,江苏路街道,13517188.37518766,3661356.679762057,2072466.9231503976
admin_area:83,83,华阳路街道,13516062.875600275,3661422.297874327,2804343.7239490245
admin_area:84,84,周家桥街道,13514079.627686493,3661214.184144316,2712329.6172123356
admin_area:85,85,天山路街道,13514634.713086257,3660154.9799690433,2604940.95176209
admin_area:86,86,仙霞新村街道,13512747.182751473,3659832.054883991,3093381.719502697
admin_area:87,87,虹桥街道,13514121.364835491,3658589.1905974923,5548347.616674657
admin_area:88,88,湖南路街道,13518954.440579092,3660633.8577556354,2361313.536616069
admin_area:89,89,天平路街道,13519242.55252854,3659617.317234226,3691822.6566121085
admin_area:90,90,徐家汇街道,13517638.937220741,3657747.73136932,5584694.03181622
admin_area:91,91,枫林路街道,13519433.0246657,3657660.2094926746,3660666.403201624
admin_area:92,92,斜土路街道,13520780.388345351,3657689.945135828,4426880.877762566
admin_area:93,93,龙华街道,13519995.27529609,3654449.498996995,8481564.250034705
admin_area:94,94,漕河泾街道,13517800.153707623,3653965.556854448,7168620.487852498
admin_area:95,95,田林街道,13516343.353319863,3656235.645010127,5639061.974792236
admin_area:96,96,康健新村街道,13515415.02572809,3653306.9101103186,5528957.703922015
admin_area:97,97,凌云路街道,13516338.270008536,3650926.180351565,4866152.123713934
admin_area:98,98,长桥街道,13518709.833439237,3651216.4496445097,8102340.860818027
admin_area:99,99,华泾镇,13519737.744188394,3648425.666107795,9983306.611740036
admin_area:100,100,南码头路街道,13526346.40402494,3658304.110861032,5583324.381587068
admin_area:101,101,周家渡街道,13525431.64374593,3656385.3262086664,7960052.156794566
admin_area:102,102,上钢新村街道,13522709.8371544,3655849.4930760292,10286036.385439083
admin_area:103,103,金杨新村街道,13532472.32994259,3665914.5540610324,11033181.478393974
admin_area:104,104,浦兴路街道,13535459.164278513,3668054.411562679,8594396.629271299
admin_area:105,105,沪东新村街道,13533589.136645569,3668656.9447103986,7371187.312878308
admin_area:106,106,东明路街道,13526498.164545277,3651760.0405009803,6730706.08931194
admin_area:107,107,川沙新镇,13547030.425654545,3652124.765384424,129750999.68500225
admin_area:108,108,高桥镇,13530674.177589947,3679685.928588312,53639587.56229665
admin_area:109,109,北蔡镇,13531490.659435268,3655547.4297980447,31688007.156928036
admin_area:110,110,合庆镇,13550304.824230187,3663093.071972163,58929598.13961123
admin_area:111,111,唐镇,13542824.233703006,3662327.711397142,44115509.75356827
admin_area:112,112,曹路镇,13544722.1339189,3669256.0493363445,64007284.44650253
admin_area:113,113,高东镇,13539530.31098104,3674973.796983124,49416195.618357934
admin_area:114,114,高行镇,13534718.49986041,3672785.827685498,31437312.60407183
admin_area:115,115,金桥镇,13537415.849121809,3665374.7952334704,34308683.88077568
admin_area:116,116,张江镇,13537919.929454088,3657612.4592558835,63020208.39469855
admin_area:117,117,三林镇,13525013.648000525,3651468.2737178104,46564544.90720721
admin_area:118,118,惠南镇,13555063.877085723,3637890.3462409424,90037920.34314053
admin_area:119,119,周浦镇,13537937.786508856,3646685.4973641206,59115152.224066
admin_area:120,120,新场镇,13541777.609740686,3638378.001071111,72962314.27976045
admin_area:121,121,航头镇,13535144.064892478,3638837.964972956,81297766.17894422
admin_area:122,122,康桥镇,13535216.718900427,3650722.751305558,56063697.822850116
admin_area:123,123,大团镇,13553515.742863454,3630484.983157621,68965326.55966294
admin_area:124,124,祝桥镇,13558515.983370494,3648798.578987048,220225029.25589243
admin_area:125,125,书院镇,13565791.921964142,3627687.891852911,74485653.56611378
admin_area:126,126,宣桥镇,13547295.844991798,3638058.4408772723,62287417.82766328
admin_area:127,127,泥城镇,13560031.105007332,3620718.717275692,81243222.70327684
admin_area:128,128,万祥镇,13560423.85668072,3628611.0592613127,31724389.675927095
admin_area:129,129,南汇新城镇,13569812.5809196,3621167.549197073,207162103.12269914
admin_area:130,130,老港镇,13565775.037080709,3637536.118535362,90082553.68098736
admin_area:131,131,程家桥街道,13508772.101424633,3658131.86607111,10832495.631736366
admin_area:132,132,新泾镇,13509132.195518263,3660850.3526732954,16335635.775505424
admin_area:133,133,北新泾街道,13510225.010784926,3661519.220416219,1953686.6424008072
admin_area:134,134,彭浦镇,13517531.010885678,3670448.105259477,10671543.939016206
admin_area:135,135,芷江西路街道,13520727.066307645,3666070.892950217,2173284.2234508246
admin_area:136,136,临汾路街道,13520522.958158942,3673681.8543307194,2943610.7056302195
admin_area:137,137,彭浦新村街道,13518657.96154961,3673596.102300113,4497918.523297315
admin_area:138,138,大宁路街道,13519584.730004013,3670434.748132556,8731698.605303783
admin_area:139,139,共和新路街道,13520036.172659542,3667590.9705896457,3757080.775151497
admin_area:140,140,宝山路街道,13521823.633915076,3666432.382331488,2219869.1889215773
admin_area:141,141,北站街道,13521861.775805326,3664862.054863825,2427327.0602294835
admin_area:142,142,天目西路街道,13519856.675213322,3665220.0633378727,2638879.1405581203
admin_area:143,143,静安寺街道,13518493.299911203,3661738.694224748,2153047.2318973765
admin_area:144,144,曹家渡街道,13517563.86325784,3662885.781254717,2035378.333377398
admin_area:145,145,南京西路街道,13520031.039231343,3662321.534706257,2218311.441658608
admin_area:146,146,石门二路街道,13520380.832983831,3663481.057157667,1479625.7501117971
admin_area:147,147,江宁路街道,13519009.722729947,3663581.9139231863,2515323.506726072
admin_area:148,148,桃浦镇,13509906.185692348,3669487.9487503897,26317415.468414973
admin_area:149,149,长征镇,13511125.931419903,3663747.851551769,10430345.916899702
admin_area:150,150,真如镇街道,13513098.736058256,3666244.719854601,8192104.94970353
admin_area:151,151,万里街道,13514390.265140083,3667913.482410448,4252579.114026561
admin_area:152,152,宜川路街道,13518279.231913693,3666278.8900215514,3050092.344562686
admin_area:153,153,石泉路街道,13515866.701239562,3665769.130828507,4803269.932531839
admin_area:154,154,甘泉路街道,13517174.60441213,3667468.9350415906,3230076.224070158
admin_area:155,155,长寿路街道,13517396.121601015,3664407.4530055625,5545406.331220156
admin_area:156,156,长风新村街道,13513587.8841317,3662521.9966465235,7958601.617093848
admin_area:157,157,曹杨新村街道,13514533.51250803,3664096.3858148707,2848952.2985950867
admin_area:158,158,浦江镇,13528022.32724322,3639752.4164830656,107815249.5545681
admin_area:159,159,莘庄工业区,13511418.424450127,3641551.80000387,20453007.23427365
admin_area:160,160,马桥镇,13508787.465226825,3636074.4446550356,45693221.57144037
admin_area:161,161,吴泾镇,13520176.196767474,3639367.3181946464,51328525.01979955
admin_area:162,162,虹桥镇,13511913.424942955,3656221.832656685,15120065.569171954
admin_area:163,163,华漕镇,13500559.118546726,3662517.0147568686,38641916.92007469
admin_area:164,164,颛桥镇,13514751.79650458,3640777.629309518,33357427.56345422
admin_area:165,165,七宝镇,13508657.35516079,3652940.9631595095,27393963.816926327
admin_area:166,166,莘庄镇,13510976.819455769,3647731.0067943283,26546221.67814937
admin_area:167,167,浦锦街道,13523543.79877381,3644417.115437569,32319075.503980573
admin_area:168,168,新虹街道,13505206.687373977,3658558.882100397,26234117.79291277
admin_area:169,169,古美街道,13512887.72651867,3651883.96178373,8127207.135995338
admin_area:170,170,江川路街道,13513543.114355043,3633660.7940244437,40400037.19261547
admin_area:171,171,联合社区,13514965.392247798,3672163.9183986923,180674.80766695895
admin_area:172,172,大华五村第一社区,13514789.72970791,3670769.6395996483,602182.6779429768
admin_area:173,173,大华三村一社区,13516122.032781238,3670231.8568101763,138182.20299703145
admin_area:174,174,场南村,13515580.808084374,3670986.2928920444,990548.3355629614
admin_area:175,175,大华四村六社区,13514661.270197008,3669593.2342277924,276168.2561405995
admin_area:176,176,大华四村五社区,13514040.494880123,3669178.611182246,288443.09239049
admin_area:177,177,大华二村滨江雅苑社区,13515156.823017556,3669129.2801245498,201972.91294919292
admin_area:178,178,大华二村铂金华府社区,13515106.990827464,3668684.412510521,164798.61452184885
admin_area:179,179,大华四村七社区,13514617.89545454,3668702.327993615,236787.19205115095
admin_area:180,180,大华二村二社区,13514660.463039061,3669123.972612004,225228.7443098978
admin_area:181,181,大华二村嘉华苑社区,13515605.914865443,3667752.9244055953,173539.9563715446
admin_area:182,182,大华二村一社区,13515116.441299845,3668275.9052087534,188443.51795500334
admin_area:183,183,大华二村五社区,13515835.203089496,3668431.844380709,96672.13960839297
admin_area:184,184,大华二村四社区,13515553.178114025,3668656.1860580263,200653.28934674777
admin_area:185,185,新华社区,13515834.013848959,3669655.97659497,386948.2738785778
admin_area:186,186,祁连四村社区,13511947.62970689,3674255.4678009823,394103.01603709836
admin_area:187,187,祁连二村一社区,13511488.329079516,3674229.151810655,146908.75792646507
admin_area:188,188,祁连二村二社区,13511189.96106311,3674134.92404164,176234.3189396906
admin_area:189,189,祁连一村三社区,13510741.754174063,3674058.039643732,264039.0144482405
admin_area:190,190,祁连二村三社区,13511125.737069432,3673494.5643184558,142812.2253788121
admin_area:191,191,祁连一村二社区,13511399.378819859,3673525.434907962,298286.7838312453
admin_area:192,192,祁连一村一社区,13510792.891928367,3673463.456764,359820.8179417072
admin_area:193,193,丰收村,13510312.502824763,3673045.049655282,2219729.838770782
admin_area:194,194,葑村村,13510408.944487477,3674825.7817646614,3337682.521733618
admin_area:195,195,锦秋第一社区,13512474.146136623,3675252.5830832003,1869639.7018386212
admin_area:196,196,大华一村五社区,13515695.639564894,3669098.6261646366,328200.1938876952
admin_area:197,197,大华一村七社区,13516105.404984152,3669003.6847605626,138422.9821352172
admin_area:198,198,大华一村四社区,13516201.22442274,3668255.920734003,149131.49888642237
admin_area:199,199,大华一村三社区,13516069.58391441,3668590.218712302,107663.92714712021
admin_area:200,200,大华一村二社区,13516323.432770228,3668554.9860690236,44350.84118191939
admin_area:201,201,大华一村一社区,13516282.159918841,3669220.3260216904,198054.6803272113
admin_area:202,202,横沙乡,13563052.983727423,3677229.513905264,72102173.71575408
admin_area:203,203,真新街道,13509466.303537657,3665543.353942092,7242416.528813479
admin_area:204,204,九里亭街道,13503987.967711585,3652182.2057773885,9339039.253999798
admin_area:205,205,九亭镇,13504796.519212509,3648702.2805920644,33626198.152496845
admin_area:206,206,广富林街道,13491943.981591923,3640291.539011513,25847365.33249525
admin_area:207,207,岳阳街道,13494671.895039598,3634415.585682007,7740474.076507172
admin_area:208,208,永丰街道,13492461.87258501,3631935.9979715203,33277668.196440514
admin_area:209,209,亭林镇,13503579.894462401,3615457.118332085,167125771.73291874
admin_area:210,210,朗庭社区,13502062.803965475,3652518.735357084,706916.6751196169
admin_area:211,211,百丽苑社区,13502775.195037413,3652539.9628213258,437664.50344160513
admin_area:212,212,涞寅社区,13502714.323180422,3651712.6702200123,574990.2521767984
admin_area:213,213,中大社区,13503266.965111082,3652900.9974852027,398670.26407128177
admin_area:214,214,五洲社区,13503745.977145702,3652438.118004733,339780.43420241354
admin_area:215,215,亭北社区,13503817.032170227,3653141.260104608,588596.672638332
admin_area:216,216,亭谊社区,13503247.481069406,3651962.3803957044,404104.1667044393
admin_area:217,217,绿庭尚城社区,13503927.686562985,3652072.297970825,343030.1887651023
admin_area:218,218,杜巷社区,13505188.3060911,3653050.2978202337,1056624.6672210821
admin_area:219,219,奥园社区,13505393.02262108,3652544.740200145,957216.4705612587
admin_area:220,220,知雅汇社区,13504495.307269892,3652774.9718120727,313276.06646677013
admin_area:221,221,九城湖滨社区,13504664.752036026,3652418.6765371,317645.9264235675
admin_area:222,222,贝尚湾社区,13504949.596215831,3651778.689953401,831607.386110815
admin_area:223,223,小寅社区,13501568.473506937,3651303.752489592,5228931.551734729
admin_area:224,224,亭汇社区,13504304.184028063,3650993.596051819,182475.9153088917
admin_area:225,225,九里亭社区,13503759.85436656,3651170.4586394597,1886439.6647878252
admin_area:226,226,嘉禾社区,13503939.760742804,3650253.4260897455,660798.5235328163
admin_area:227,227,石湖荡镇,13486287.257830085,3629950.3013320584,60570843.12975345
admin_area:228,228,安亭镇,13491821.95818759,3671777.215718244,121920088.71086042
admin_area:229,229,江桥镇,13503268.801423846,3666788.914125304,57479946.3558274
admin_area:230,230,徐行镇,13501715.403523294,3688794.91582898,55020288.97429834
admin_area:231,231,华亭镇,13498843.053929854,3693727.7714516153,54534479.59445565
admin_area:232,232,外冈镇,13486790.710764205,3679848.489966259,70045975.29693645
admin_area:233,233,南翔镇,13503158.078801084,3672655.4653482162,45506260.50046176
admin_area:234,234,马陆镇,13501031.444742734,3679338.064720464,96367895.35258701
admin_area:235,235,新成路街道,13499169.849850627,3683061.575150545,7554222.863683815
admin_area:236,236,菊园街道,13494641.567695433,3681968.4902949757,25864179.26373784
admin_area:237,237,嘉定镇街道,13496782.269365426,3682692.909176942,5516148.42082532
admin_area:238,238,泗泾镇,13499159.881951567,3647905.7120396323,32935045.582026444
admin_area:239,239,朱龙社区,13503796.843606375,3648552.453814992,5270707.331806487
admin_area:240,240,兴联社区,13506039.00527354,3651222.3673837613,1848054.667314095
admin_area:241,241,中华村,13508358.264767751,3650165.306157708,1295142.5001832296
admin_area:242,242,联明村,13507463.586521808,3651355.255140232,2578311.2533140685
admin_area:243,243,沪星村,13506226.54449339,3653916.328955207,3221497.6837534746
admin_area:244,244,华林路第一社区,13508784.976976037,3650776.813133509,631471.2983742808
admin_area:245,245,华林路第二社区,13508848.406005876,3651340.745566617,118156.67071545508
admin_area:246,246,九星村,13510994.172427477,3652366.145321493,2013125.8613943106
admin_area:247,247,七宝村,13509068.48289344,3652845.3137396583,115413.38386789932
admin_area:248,248,亭源社区,13504768.304427862,3649386.776427086,428342.3715827359
admin_area:249,249,复地社区,13507364.624989258,3649465.3850078625,1011708.1121690128
admin_area:250,250,北场社区,13507861.529428745,3647332.231992688,1934584.300738316
admin_area:251,251,亭南社区,13507737.183637928,3646074.803483801,706365.1838045033
admin_area:252,252,颐景园社区,13506966.827499492,3649144.040611413,780399.1988570222
admin_area:253,253,青春社区,13504806.822456852,3650596.6924566007,570357.9555454066
admin_area:254,254,象屿都城社区,13506386.781930665,3648995.918920695,475813.3208388384
admin_area:255,255,紫金社区,13505636.220023304,3649231.4643755616,398191.26165832416
admin_area:256,256,九亭家园社区,13506895.649181936,3647457.4788560085,198632.55911607377
admin_area:257,257,九亭家园第二社区,13506771.053365508,3647832.4980904963,206447.7578608868
admin_area:258,258,松沪社区,13506682.601339076,3648268.211737484,398764.9353096984
admin_area:259,259,牛车泾社区,13505875.751612052,3648576.9077133387,299091.8353686546
admin_area:260,260,国亭社区,13506077.991781734,3650236.614021135,462051.17936163774
admin_area:261,261,亭中社区,13506054.701018786,3649520.8086526687,237203.6417332112
admin_area:262,262,天元社区,13505555.487931808,3649995.768606646,544290.6967597378
admin_area:263,263,庄家社区,13505120.766519591,3650012.5150963645,496559.07446475205
admin_area:264,264,华林路第四社区,13508477.669806862,3651719.974238348,287715.90592535527
admin_area:265,265,万兆家园社区,13508061.148660088,3652508.085879187,339892.3321945301
admin_area:266,266,黎明花园社区,13507899.705220496,3652192.7840299523,121789.53423863657
admin_area:267,267,牡丹社区,13507985.682556484,3652866.571082894,88786.50073260511
admin_area:268,268,豪世盛地园社区,13507419.606128119,3652516.6535896435,329281.93146907643
admin_area:269,269,佳宝新村社区,13507609.524623893,3653118.051185218,209896.30744194431
admin_area:270,270,万科城市花园社区,13507328.401578067,3653691.9835022837,583297.7416164273
admin_area:271,271,万科城市花园第三社区,13507120.575561421,3652814.861941763,202162.60586671566
admin_area:272,272,万科城市花园第二社区,13506795.743438518,3653380.5005247425,483951.7205740175
admin_area:273,273,中春路社区,13506445.403682524,3654065.2583087347,380170.09120539494
admin_area:274,274,万科第四社区,13506466.136234947,3652934.716125396,225982.74428246854
admin_area:275,275,中春路第二社区,13506244.579447506,3653323.130340369,182361.89717402883
admin_area:276,276,金吴社区,13503937.350198427,3646409.125346096,4629967.965788719
admin_area:277,277,亭新社区,13505434.114755837,3646865.310212041,2380375.100222355
admin_area:278,278,涞亭社区,13506466.638875932,3650309.4952889183,599469.1308613913
admin_area:279,279,张泾社区,13500528.133751122,3647811.7221165434,352994.8534205571
admin_area:280,280,中西社区,13499922.191804152,3647873.2797714323,674986.6785627997
admin_area:281,281,江川社区,13499426.281815732,3647843.856233776,436688.84186146175
admin_area:282,282,润和苑社区,13498820.036204174,3647514.8100569076,479168.2797836634
admin_area:283,283,润江社区,13498007.901772622,3647072.0568189537,483687.01771155465
admin_area:284,284,丽水社区,13501107.270035839,3647741.908637771,147572.7780397793
admin_area:285,285,新凯一村社区,13495200.252907457,3646830.521764065,413336.02245750534
admin_area:286,286,新凯二村社区,13495824.607029133,3646947.149016724,490192.4699172146
admin_area:287,287,西南社区,13498865.614343898,3648221.1010984182,540435.4824948816
admin_area:288,288,景港社区,13498741.505141327,3647019.8046730375,278292.5657969121
admin_area:289,289,张施社区,13502305.87617674,3645995.246180006,5044405.282928836
admin_area:290,290,叶星社区,13501723.817882631,3649065.5042224415,4057921.3127093245
admin_area:291,291,赵非泾社区,13499956.570346614,3648408.669577224,193806.19221727003
admin_area:292,292,打铁桥社区,13499399.716192434,3649934.4028322967,2523046.273177113
admin_area:293,293,横港社区,13498183.649314258,3648201.2911392604,1167234.5026094671
admin_area:294,294,祥泽社区,13497203.452226466,3649586.0125210816,1938838.7239034604
admin_area:295,295,青松社区,13497206.579022085,3648261.914153911,167422.0016940845
admin_area:296,296,新凯三村社区,13494963.846298698,3647462.632470406,522452.8186237342
admin_area:297,297,新凯四村社区,13495580.693135254,3647504.490639227,189533.2707933995
admin_area:298,298,新凯五村社区,13495773.246767925,3647732.7943581054,264173.8366063697
admin_area:299,299,同润社区,13496938.051181618,3646991.5296174097,841121.9781763741
admin_area:300,300,新凯六村社区,13496209.393891735,3647676.8458081456,357873.14041781356
admin_area:301,301,向阳桥社区,13495708.319545386,3646274.144507992,614644.9923132441
admin_area:302,302,新凯七村社区,13496568.84625128,3648121.990962885,154438.71281719368
admin_area:303,303,新凯八村社区,13496653.353627563,3647581.9683020464,362652.40512436855
admin_area:304,304,韵意一村社区,13496470.648423865,3646500.381089765,117794.03001648522
admin_area:305,305,韵意二村社区,13496810.064726854,3646522.5332263336,100985.16386914087
admin_area:306,306,韵意三村社区,13496602.830961294,3646231.075989092,148791.45323894738
admin_area:307,307,韵意四村社区,13496630.946726244,3645945.3801412513,243556.97017378546
admin_area:308,308,韵意五村社区,13497355.941987071,3646034.278338902,55610.53746612951
admin_area:309,309,韵意六村社区,13497095.14625499,3645952.7042762106,96170.40803628428
admin_area:310,310,韵意七村社区,13497182.308831763,3646376.7803088096,242227.3692966139
admin_area:311,311,金地一村社区,13497068.339805178,3648929.013861154,537766.2985507797
admin_area:312,312,韵意八村社区,13498371.543545423,3646419.2839964847,429822.7095315978
admin_area:313,313,金地二村社区,13497263.838737218,3648063.563469628,256234.93731440636
admin_area:314,314,金地三村社区,13497382.57658229,3647664.170815955,542335.6589446617
admin_area:315,315,晶湖社区,13495691.542826835,3648508.4424145445,2243010.0778730726
admin_area:316,316,恒泽社区,13498161.796664488,3649242.6291012317,313176.06084819185
admin_area:317,317,吴宝路第一社区,13507969.504531868,3653476.49488933,183212.37148129803
admin_area:318,318,吴宝路第二社区,13507659.902643435,3654327.27540856,588797.8009858634
admin_area:319,319,吴宝路第三社区,13508109.980114756,3653896.7929249653,145355.03179709203
admin_area:320,320,华林路第三社区,13508454.480186617,3651282.206641719,162812.4268671932
admin_area:321,321,万泰花园第一社区,13508802.559152102,3651576.691000056,91375.58200689455
admin_area:322,322,塘北社区,13508376.946718141,3653057.709056645,266359.1409209602
admin_area:323,323,京都苑社区,13508330.727745049,3652814.1120561264,93749.99303400291
admin_area:324,324,塘南社区,13508639.38910704,3652569.5864502597,248429.24547841414
admin_area:325,325,园艺新村社区,13509083.724860284,3652242.6708472003,679371.8509741643
admin_area:326,326,东方花园社区,13509421.29667659,3651761.0263990853,316201.9440794709
admin_area:327,327,东方花园第二居委会,13509817.253165653,3651587.6387438225,96986.7521622526
admin_area:328,328,莲浦府邸社区,13509675.577978654,3651226.3062266633,516167.42411231046
admin_area:329,329,皇都花园社区,13510124.572417188,3650792.0001059454,374172.7755116408
admin_area:330,330,新桥社区,13520894.542462153,3664199.2641624603,102889.85129229829
admin_area:331,331,贵州路社区,13521949.408856636,3664019.4361977535,35418.247163254506
admin_area:332,332,龙泉园路社区,13522460.3241169,3663741.3890866926,174311.03378747636
admin_area:333,333,云南中路社区,13522145.460048446,3663600.32022432,201646.50370778542
admin_area:334,334,牛庄路社区,13522133.890910458,3663880.8337722924,54741.27655004721
admin_area:335,335,厦门路社区,13522118.354268199,3664202.618523648,207148.912391958
admin_area:336,336,福海社区,13521300.459525004,3664018.1032202262,135002.3312928378
admin_area:337,337,承兴社区,13521330.955251532,3663760.263974633,46876.76318500363
admin_area:338,338,三德社区,13521066.442658462,3663795.753358959,132622.7434404247
admin_area:339,339,福瑞社区,13521652.515427789,3663968.1512285587,115181.09492763819
admin_area:340,340,平望街社区,13522696.874192977,3663168.011089626,119298.15908602568
admin_area:341,341,小花园社区,13522380.283946317,3663298.0228850055,98515.48943350601
admin_area:342,342,长江社区,13521312.449834554,3663474.3045731345,126152.54230322845
admin_area:343,343,江阴社区,13521862.307830108,3662931.303889238,631659.9975694858
admin_area:344,344,均乐社区,13521916.596287295,3662382.286475373,413712.26822998363
admin_area:345,345,新昌社区,13521368.707044007,3663203.3338597734,152705.88144721068
admin_area:346,346,振兴社区,13521330.182468452,3662368.4400819195,123071.78865312865
admin_area:347,347,定兴社区,13521727.557799386,3663616.7817802033,161390.0442906864
admin_area:348,348,顺天村社区,13521288.569001371,3662842.5334818168,107390.92029561072
admin_area:349,349,车墩镇,13501479.002277382,3631975.7711689663,69126618.63278693
admin_area:350,350,洞泾镇,13498101.624399928,3644046.348585064,34307378.5978553
admin_area:351,351,新桥镇,13505263.648890555,3642306.265938646,49174779.185785405
admin_area:352,352,中山街道,13499131.97006949,3637413.0085202646,54541812.50792062
admin_area:353,353,佘山镇,13488298.244659755,3645017.6788375657,90991160.81276482
admin_area:354,354,小昆山镇,13484407.97068859,3636527.828860533,65575566.66248113
admin_area:355,355,新浜镇,13476734.717351887,3624410.369552555,60581775.80339548
admin_area:356,356,四团镇,13550506.756739061,3623323.9413993694,99494584.85953212
admin_area:357,357,上海海港综合开发区,13550742.79627063,3619426.0371567416,18924502.01048
admin_area:358,358,海湾旅游区,13530612.901860168,3611009.8633816815,38876932.02595403
admin_area:359,359,奉城镇,13541540.332409153,3623203.3600793877,149823143.8962997
admin_area:360,360,青村镇,13530933.280048309,3621079.140580242,99608224.40523203
admin_area:361,361,金汇镇,13531364.079059817,3629522.898474835,97874165.46135442
admin_area:362,362,海湾镇,13538916.705209563,3613686.7726804693,147524925.28081623
admin_area:363,363,柘林镇,13520126.86566328,3612381.4028946715,129457208.30543357
admin_area:364,364,庄行镇,13512587.806434227,3623416.7813263456,95510419.6535099
admin_area:365,365,南桥镇,13520246.6589844,3621258.9456546223,67242065.94014856
admin_area:366,366,奉浦街道,13519353.658718891,3626008.6077762316,20597568.346838754
admin_area:367,367,金海街道,13523320.709651355,3626693.920376446,25802418.377487916
admin_area:368,368,西渡街道,13519749.084304737,3631361.5493357168,43127840.15172184
admin_area:369,369,泖港镇,13487827.765412716,3624750.95089119,78397083.30475682
admin_area:370,370,叶榭镇,13503090.786982175,3625060.51354471,99116109.52340655
admin_area:371,371,廊下镇,13489065.161896743,3606983.1688239584,63692782.3850835
admin_area:372,372,金山卫镇,13500431.343224099,3600495.6306560845,73664939.11641589
admin_area:373,373,朱泾镇,13488682.479116078,3618202.2933756886,103025753.52522695
admin_area:374,374,吕巷镇,13492419.343683252,3611777.4182814364,80888783.03466494
admin_area:375,375,漕泾镇,13513959.073687587,3606782.631671591,79979256.23396407
admin_area:376,376,张堰镇,13501170.545191884,3606536.640561905,47464891.977191
admin_area:377,377,石化街道,13504876.638312817,3595330.46546349,26612354.171032783
admin_area:378,378,枫泾镇,13474848.118381606,3617471.369475909,125864459.0273613
admin_area:379,379,向化镇,13551843.979607126,3704464.111684657,66573967.52945214
admin_area:380,380,中兴镇,13555650.450311426,3702631.283800237,63176757.34151461
admin_area:381,381,陈家镇,13565595.48887476,3699451.1167816883,284073378.5597645
admin_area:382,382,港沿镇,13545025.088332657,3709471.4842281067,101504809.07031111
admin_area:383,383,堡镇,13540958.695246018,3703495.2954346505,79205411.93184774
admin_area:384,384,新村乡,13505487.908681728,3742112.5124750216,53985377.42494305
admin_area:385,385,城桥镇,13516337.723827843,3714763.481063748,73000740.37134065
admin_area:386,386,新海镇,13505841.175004449,3736433.6857600687,153114281.47238117
admin_area:387,387,新仓镇,13491627.455221469,3598938.690253523,77656922.61468703
admin_area:388,388,娄塘镇,13491322.702376308,3688034.9974966687,89506905.81399521
