id,raw_id,name,lon,lat,x,y,adname
station:BV10039797,BV10039797,上海汽车城(地铁站),121.17623137974809,31.28732512736465,13489276.371563734,3670120.268090286,嘉定区
station:BV10033820,BV10033820,上海赛车场(地铁站),121.22165441128583,31.33386850048262,13494332.840304097,3676184.6534567145,嘉定区
station:BV10030508,BV10030508,丰庄(地铁站),121.35053860576627,31.24442545551704,13508680.163202964,3664533.2909574723,嘉定区
station:BV10039942,BV10039942,临洮路(地铁站),121.32630785331814,31.264966320438226,13505982.808179276,3667208.0840646517,嘉定区
station:BV10039941,BV10039941,乐秀路(地铁站),121.3095885040718,31.267301050962768,13504121.618735038,3667512.145160734,嘉定区
station:BV09358428,BV09358428,北和公路(地铁站),121.18508539658961,31.432122882172855,13490261.996209871,3688996.602706838,嘉定区
station:BV10039799,BV10039799,南翔(地铁站),121.31860351573096,31.298860057697336,13505125.16524229,3671622.936708098,嘉定区
station:BV09373930,BV09373930,叶城路(地铁站),121.2770540019589,31.37756152944471,13500499.894527122,3681880.382109959,嘉定区
station:BV10039960,BV10039960,嘉定北(地铁站),121.23290867718731,31.393507685768775,13495585.659453329,3683959.748161879,嘉定区
station:BV10039612,BV10039612,嘉定新城(地铁站),121.24985884598482,31.332043033846222,13497472.543612463,3675946.74715376,嘉定区
station:BV09373932,BV09373932,嘉定新城东(地铁站),121.29071196142937,31.350835953090765,13502020.291620437,3678396.179534368,嘉定区
station:BV10039961,BV10039961,嘉定西(地铁站),121.22340904636853,31.37906396771883,13494528.165388005,3682076.283797904,嘉定区
station:BV10039943,BV10039943,嘉怡路(地铁站),121.34111232825097,31.261076297473906,13507630.83479003,3666701.487854209,嘉定区
station:BV11550037,BV11550037,城北路(地铁站),121.23041232323821,31.39554883800521,13495307.766602913,3684225.938275805,嘉定区
station:BV10026750,BV10026750,安亭(地铁站),121.157435988454,31.290375738920673,13487184.078175904,3670517.656875815,嘉定区
station:BV10039944,BV10039944,定边路(地铁站),121.35777916650385,31.258247081898517,13509486.178737216,3666333.0533019607,嘉定区
station:BV09358429,BV09358429,宝钱公路(地铁站),121.19543943463175,31.417991777406453,13491414.602452215,3687153.141731421,嘉定区
station:BV10026179,BV10026179,封浜(地铁站),121.29252655405737,31.269454397883653,13502222.291147757,3667792.5906296684,嘉定区
station:BV11550033,BV11550033,新成路(地铁站),121.26148901786753,31.405693079898935,13498767.208424108,3685548.951878152,嘉定区
station:BV10039798,BV10039798,昌吉东路(地铁站),121.19590968312608,31.295572958912057,13491466.95027514,3671194.7038401803,嘉定区
station:BV09358430,BV09358430,汇旺路(地铁站),121.20628757919063,31.404988086064364,13492622.212380392,3685457.0018492937,嘉定区
station:BV10039962,BV10039962,白银路(地铁站),121.24091460180277,31.34733473738238,13496476.874904726,3677939.8008291605,嘉定区
station:BV10039945,BV10039945,真新新村(地铁站),121.36731733807076,31.257408774570106,13510547.963138996,3666223.886864677,嘉定区
station:BV10039811,BV10039811,金沙江西路(地铁站),121.33059601892877,31.243060812878287,13506460.164591424,3664355.6103521595,嘉定区
station:BV10039812,BV10039812,金运路(地铁站),121.31478399739447,31.242925094158092,13504699.978406055,3664337.9395040353,嘉定区
station:BV11277021,BV11277021,陈翔公路(地铁站),121.30228472108053,31.308418404485092,13503308.565331697,3672868.252874177,嘉定区
station:BV10031076,BV10031076,马陆(地铁站),121.2724538906038,31.321646420148824,13499987.812473552,3674591.8829769366,嘉定区
station:BV09159961,BV09159961,东方美谷大道(地铁站),121.47250789409334,30.950415484741306,13522257.722270062,3626311.3225573497,奉贤区
station:BV09305185,BV09305185,四团(地铁站),121.74055896863432,30.8914397993983,13552097.031390399,3618658.545225594,奉贤区
station:BV09305187,BV09305187,奉城(地铁站),121.63772185953891,30.927508282839035,13540649.256772842,3623338.2876731255,奉贤区
station:BV10717294,BV10717294,奉浦大道(地铁站),121.44441506256743,30.944096931690446,13519130.44257009,3625491.1914514727,奉贤区
station:BV10717296,BV10717296,奉贤新城(地铁站),121.49187214118167,30.916099206818938,13524413.34039523,3621857.8146415455,奉贤区
station:BV10717291,BV10717291,望园路(地铁站),121.47906341810686,30.93464343793762,13522987.47986503,3624264.254760873,奉贤区
station:BV09332362,BV09332362,汇丰北路(地铁站),121.46573417001606,30.971684480361837,13521503.67475511,3629072.379369058,奉贤区
station:BV10717295,BV10717295,环城东路(地铁站),121.45867397062052,30.93324825617873,13520717.736953609,3624083.1891567446,奉贤区
station:BV09305190,BV09305190,环城西路(地铁站),121.43505729852656,30.926319437643787,13518088.741042243,3623184.0116139795,奉贤区
station:BV10717297,BV10717297,萧塘(地铁站),121.43727016616612,30.967902501757923,13518335.076341039,3628581.37292516,奉贤区
station:BV10717290,BV10717290,西渡(地铁站),121.42783488663483,30.991336151447683,13517284.745828269,3631624.028329407,奉贤区
station:BV09159963,BV09159963,西闸公路(地铁站),121.45715061167566,31.0029072765946,13520548.157411594,3633126.7138425997,奉贤区
station:BV09305188,BV09305188,金大公路(地铁站),121.51130353153803,30.950768412949884,13526576.432874804,3626357.1332840403,奉贤区
station:BV10717289,BV10717289,金海湖(地铁站),121.48807333080148,30.930968075237146,13523990.458758146,3623787.274734378,奉贤区
station:BV09305186,BV09305186,青村(地铁站),121.58000590078031,30.93248248735049,13534224.345634082,3623983.8093965976,奉贤区
station:BV11581688,BV11581688,一二八纪念路(地铁站),121.46276219161973,31.330758613046584,13521172.835633429,3675779.356115605,宝山区
station:BV10039870,BV10039870,上大路(地铁站),121.4040283303784,31.316769467554405,13514634.612108631,3673956.380629737,宝山区
station:BV10024672,BV10024672,上海大学(地铁站),121.38422909118678,31.32238739445389,13512430.570884032,3674688.440191444,宝山区
station:BV09356946,BV09356946,上海宝山站(地铁站),121.44169486475036,31.406026260944785,13518827.63153428,3685592.4078273196,宝山区
station:BV10820982,BV10820982,丰翔路(地铁站),121.37622494143606,31.3100298751017,13511539.553009672,3673078.216942046,宝山区
station:BV09149111,BV09149111,兰岗路(地铁站),121.45644019760515,31.379507679410825,13520469.074479023,3682134.1395988907,宝山区
station:BV10039888,BV10039888,共富新村(地铁站),121.42942782007371,31.356889796122434,13517462.070367526,3679185.329827847,宝山区
station:BV10026230,BV10026230,刘行(地铁站),121.35775039612228,31.359402202583667,13509482.976032991,3679512.8501484673,宝山区
station:BV10820970,BV10820970,南大路(地铁站),121.37570026827079,31.301078823626504,13511481.14666009,3671911.9989830875,宝山区
station:BV10030226,BV10030226,南陈路(地铁站),121.39375992572353,31.32353740659808,13513491.538531352,3674838.301102467,宝山区
station:BV10039886,BV10039886,友谊西路(地铁站),121.42330616726218,31.383087725284675,13516780.61109383,3682600.9536619103,宝山区
station:BV10039983,BV10039983,友谊路(地铁站),121.47139329895154,31.40589979350743,13522133.646106452,3685575.9129856983,宝山区
station:BV10029799,BV10029799,呼兰路(地铁站),121.43308365072413,31.341521437382593,13517869.035573902,3677182.0825986867,宝山区
station:BV09356945,BV09356945,呼玛东路(地铁站),121.4599113055516,31.34529726808234,13520855.47644806,3677674.227296667,宝山区
station:BV10039869,BV10039869,场中路(地铁站),121.40880359151242,31.30548863596486,13515166.191746403,3672486.5324236113,宝山区
station:BV10039867,BV10039867,大华三路(地铁站),121.4183053193176,31.27587235138815,13516223.919247182,3668628.483688511,宝山区
station:BV10030231,BV10030231,大场镇(地铁站),121.4115053274975,31.295071247458097,13515466.947620474,3671129.3437672597,宝山区
station:BV10039887,BV10039887,宝安公路(地铁站),121.4262724919089,31.371353907619213,13517110.820842983,3681071.008627689,宝山区
station:BV10026163,BV10026163,宝杨路(地铁站),121.47505631652957,31.39721144318186,13522541.41135795,3684442.765704683,宝山区
station:BV10039885,BV10039885,富锦路(地铁站),121.42000896512381,31.394044982528445,13516413.568230797,3684029.8173794774,宝山区
station:BV09336070,BV09336070,康文路(地铁站),121.41467529372846,31.337117561341675,13515819.826647088,3676608.102936542,宝山区
station:BV10029541,BV10029541,张华浜(地铁站),121.49422407960425,31.359980097957298,13524675.156982772,3679588.186520842,宝山区
station:BV10039987,BV10039987,殷高西路(地铁站),121.4803630088841,31.32194132502462,13523132.149648571,3674630.3122796863,宝山区
station:BV11639105,BV11639105,殷高路(地铁站),121.4911049443028,31.32367241699714,13524327.936429348,3674855.8947596997,宝山区
station:BV10039984,BV10039984,水产路(地铁站),121.4837606763241,31.383227661402028,13523510.376257822,3682619.2007579934,宝山区
station:BV10039981,BV10039981,江杨北路(地铁站),121.43518974837997,31.409658761827806,13518103.485292478,3686066.1956109144,宝山区
station:BV11184133,BV11184133,江杨南路(地铁站),121.46075326882765,31.351775168131446,13520949.2033712,3678518.6078274846,宝山区
station:BV09024031,BV09024031,泰和路(地铁站),121.46312737546887,31.36484990522922,13521213.487713555,3680223.0492676343,宝山区
station:BV10039985,BV10039985,淞发路(地铁站),121.49595040076403,31.347108586525714,13524867.330175199,3677910.3229567073,宝山区
station:BV10026162,BV10026162,淞滨路(地铁站),121.48834886989746,31.37287041256501,13524021.13163,3681268.731408419,宝山区
station:BV10039871,BV10039871,潘广路(地铁站),121.35123069292852,31.36600611949883,13508757.20599344,3680373.786423088,宝山区
station:BV11508870,BV11508870,爱辉路(地铁站),121.44472817309111,31.34598969841053,13519165.297874143,3677764.4813454114,宝山区
station:BV10030597,BV10030597,祁华路(地铁站),121.36888936831244,31.32420193928511,13510722.960744988,3674924.898825874,宝山区
station:BV10032414,BV10032414,罗南新村(地铁站),121.35285047967062,31.39064498732771,13508937.519828739,3683586.428567758,宝山区
station:BV10039872,BV10039872,美兰湖(地铁站),121.34528819169373,31.40371184501269,13508095.689782036,3685290.5476803556,宝山区
station:BV10039868,BV10039868,行知路(地铁站),121.41712413525902,31.286315963214996,13516092.430439265,3669988.8118644995,宝山区
station:BV10878602,BV10878602,通南路(地铁站),121.47512449605281,31.339591930693068,13522549.001067758,3676930.5968279587,宝山区
station:BV10031109,BV10031109,通河新村(地铁站),121.43692692099344,31.332957750076226,13518296.866463203,3676065.958153965,宝山区
station:BV10039982,BV10039982,铁力路(地铁站),121.45656190878788,31.409964259065028,13520482.62330591,3686106.0425100117,宝山区
station:BV11581695,BV11581695,铁山路(地铁站),121.45059734314796,31.388091649546393,13519818.650896162,3683253.4617694514,宝山区
station:BV09149112,BV09149112,铁通路(地铁站),121.44782566772925,31.39379899222333,13519510.109399948,3683997.737575075,宝山区
station:BV10820985,BV10820985,锦秋路(地铁站),121.37711599841997,31.321990589800173,13511638.745019374,3674636.732025814,宝山区
station:BV10039986,BV10039986,长江南路(地铁站),121.48701141331931,31.334013461989567,13523872.246644784,3676203.545950573,宝山区
station:BV11498461,BV11498461,长江西路(地铁站),121.47056655204996,31.34803530126611,13522041.613062365,3678031.117018924,宝山区
station:BV10026233,BV10026233,顾村公园(地铁站),121.36836812659506,31.34640062938405,13510664.936382437,3677818.043992976,宝山区
station:BV09084531,BV09084531,东滩(地铁站),121.85204445537951,31.502567124520397,13564507.539003987,3698190.4945613896,崇明区
station:BV09084532,BV09084532,裕安(地铁站),121.85754028284092,31.526523128345193,13565119.331718395,3701318.6432238314,崇明区
station:BV11494926,BV11494926,长兴岛(地铁站),121.71684567253926,31.391240404510345,13549457.279344438,3683664.0749639296,崇明区
station:BV09084533,BV09084533,陈家镇(地铁站),121.7887593367109,31.492526069257934,13557462.671819987,3696879.5830192897,崇明区
station:BV10024951,BV10024951,上海体育场(地铁站),121.43892672427353,31.187499322858535,13518519.483545998,3657123.514240664,徐汇区
station:BV10026004,BV10026004,上海体育馆(地铁站),121.4328087608394,31.184698516252592,13517838.434971912,3656759.062996467,徐汇区
station:BV10025073,BV10025073,上海南站(地铁站),121.42541690326736,31.15646871837229,13517015.577151092,3653086.299793647,徐汇区
station:BV10039973,BV10039973,上海图书馆(地铁站),121.43976059136133,31.20984485340492,13518612.30920559,3660031.583131431,徐汇区
station:BV11471655,BV11471655,上海植物园(地铁站),121.44584374399585,31.15097137990656,13519289.482659187,3652371.2104073395,徐汇区
station:BV10024941,BV10024941,上海游泳馆(地铁站),121.43681787747796,31.181016893618622,13518284.72779459,3656280.013137473,徐汇区
station:BV10039860,BV10039860,东安路(地铁站),121.45032150870568,31.19273351882816,13519787.945146509,3657804.635958005,徐汇区
station:BV10039806,BV10039806,云锦路(地铁站),121.45395541000772,31.168423022906975,13520192.469188986,3654641.449352795,徐汇区
station:BV10025307,BV10025307,交通大学(地铁站),121.43063317501411,31.204085661462855,13517596.2498657,3659282.010635191,徐汇区
station:BV10820973,BV10820973,华东理工大学(地铁站),121.42436527212439,31.146150879674934,13516898.510107772,3651744.197723039,徐汇区
station:BV11471657,BV11471657,华泾路(地铁站),121.45231391326034,31.12193591918462,13520009.738606956,3648594.988616976,徐汇区
station:BV10039881,BV10039881,嘉善路(地铁站),121.45614343140844,31.204741982075607,13520436.038617127,3659367.430015934,徐汇区
station:BV10039940,BV10039940,大木桥路(地铁站),121.45872565586139,31.195989525466587,13520723.490528302,3658228.356493002,徐汇区
station:BV10039880,BV10039880,宜山路(地铁站),121.42256310917372,31.18858694638816,13516697.894245805,3657265.042716624,徐汇区
station:BV10039862,BV10039862,常熟路(地铁站),121.44454905303303,31.215415340697778,13519145.358320491,3660756.638700029,徐汇区
station:BV10029707,BV10029707,徐家汇(地铁站),121.43198615703766,31.197391945383853,13517746.863135593,3658410.864949264,徐汇区
station:BV11471653,BV11471653,徐浦大桥(地铁站),121.45138580232857,31.129120927828808,13519906.421770647,3649529.3309869263,徐汇区
station:BV11471651,BV11471651,景联路(地铁站),121.4499391991409,31.103327868688098,13519745.386640437,3646175.516542914,徐汇区
station:BV10820984,BV10820984,朱梅路(地铁站),121.4331955330028,31.126280692134547,13517881.49025219,3649159.976760691,徐汇区
station:BV10024842,BV10024842,桂林公园(地铁站),121.41500926656094,31.168857833615785,13515857.004332732,3654698.0180887408,徐汇区
station:BV10039879,BV10039879,桂林路(地铁站),121.41342417635319,31.176658673826825,13515680.55289797,3655712.9490625844,徐汇区
station:BV10026584,BV10026584,漕宝路(地铁站),121.42852254542981,31.170230622682332,13517361.295655156,3654876.6192170563,徐汇区
station:BV10025213,BV10025213,漕河泾开发区(地铁站),121.39312323898301,31.172508766374822,13513420.66288761,3655173.0135326115,徐汇区
station:BV10039993,BV10039993,漕溪路(地铁站),121.43379813827451,31.17863612527698,13517948.571964176,3655970.2393401167,徐汇区
station:BV10039994,BV10039994,石龙路(地铁站),121.43860442656144,31.159856864655346,13518483.605528811,3653527.047810548,徐汇区
station:BV10820976,BV10820976,罗秀路(地铁站),121.43119327398816,31.13346176787988,13517658.599798277,3650093.850439802,徐汇区
station:BV10039861,BV10039861,肇嘉浜路(地铁站),121.44562386329896,31.201336314416558,13519265.005651977,3658924.192687662,徐汇区
station:BV10039937,BV10039937,虹梅路(地铁站),121.39260525538323,31.162220179874904,13513363.001217052,3653834.4897039384,徐汇区
station:BV10607588,BV10607588,虹漕路(地铁站),121.405909238511,31.16590218130895,13514843.993844151,3654313.4937731484,徐汇区
station:BV10039894,BV10039894,衡山路(地铁站),121.44182648360238,31.20641835571629,13518842.283277864,3659585.61082761,徐汇区
station:BV10026582,BV10026582,锦江乐园(地铁站),121.40946706473196,31.144099189073494,13515240.049247345,3651477.339649294,徐汇区
station:BV10039893,BV10039893,陕西南路(地铁站),121.45417683831936,31.21706142441198,13520217.118475882,3660970.9014111166,徐汇区
station:BV10024943,BV10024943,龙华(地铁站),121.44837904107726,31.174591433737803,13519571.710639259,3655443.9819447855,徐汇区
station:BV10039859,BV10039859,龙华中路(地铁站),121.45249486885471,31.186301588213265,13520029.882491576,3656967.6592890755,徐汇区
station:BV11471650,BV11471650,龙启路(地铁站),121.44467609348027,31.16054500040371,13519159.500398386,3653616.566079413,徐汇区
station:BV11471656,BV11471656,龙吴路(地铁站),121.44836013442182,31.13811047483019,13519569.605960004,3650698.4361491213,徐汇区
station:BV10039938,BV10039938,龙漕路(地铁站),121.43978396946422,31.17136204383787,13518614.9116441,3655023.8201026004,徐汇区
station:BV10039807,BV10039807,龙耀路(地铁站),121.45514230218825,31.16166129289096,13520324.593422132,3653761.783825676,徐汇区
station:BV10024610,BV10024610,上海西站(地铁站),121.39675273011956,31.264796631514322,13513824.695992714,3667185.985105064,普陀区
station:BV10039947,BV10039947,中宁路(地铁站),121.40988739266813,31.24688078253076,13515286.839939157,3664852.9884378943,普陀区
station:BV10039991,BV10039991,中潭路(地铁站),121.43638747074375,31.256425447966176,13518236.815136107,3666095.8368970817,普陀区
station:BV09356941,BV09356941,交通路(地铁站),121.3791666650069,31.269392940705362,13511867.024179589,3667784.586541668,普陀区
station:BV10820983,BV10820983,古浪路(地铁站),121.38756331328943,31.286322791505224,13512801.73479064,3669989.7013297966,普陀区
station:BV10039808,BV10039808,大渡河路(地铁站),121.38978093462097,31.233587911199308,13513048.599268004,3663122.280613624,普陀区
station:BV10039865,BV10039865,岚皋路(地铁站),121.41729578158987,31.25803009937746,13516111.538021412,3666304.7972126543,普陀区
station:BV11653227,BV11653227,平利路(地铁站),121.42615503589329,31.271298871462324,13517097.745699137,3668032.814446834,普陀区
station:BV10039866,BV10039866,新村路(地铁站),121.41802489834019,31.265684427081837,13516192.702926774,3667301.6051029298,普陀区
station:BV10039804,BV10039804,曹杨路(地铁站),121.4130552549553,31.241138321093658,13515639.484755822,3664105.300454158,普陀区
station:BV10039801,BV10039801,李子园(地铁站),121.38531790809905,31.270841332576527,13512551.777428256,3667973.22424895,普陀区
station:BV10039803,BV10039803,枫桥路(地铁站),121.40675186144539,31.243681740614328,13514937.794200124,3664436.456705974,普陀区
station:BV10025258,BV10025258,桃浦新村(地铁站),121.34502819425622,31.283467880892797,13508066.74699969,3669617.8211838775,普陀区
station:BV10820987,BV10820987,梅岭北路(地铁站),121.39234509553208,31.245130912204147,13513334.0403549,3664625.1445617634,普陀区
station:BV10820971,BV10820971,武威东路(地铁站),121.38744114871848,31.277464512213328,13512788.13549281,3668835.860181402,普陀区
station:BV10039800,BV10039800,武威路(地铁站),121.36005556464873,31.27848916148842,13509739.586219512,3668969.321021177,普陀区
station:BV10039778,BV10039778,武宁路(地铁站),121.42587366381487,31.236197028249915,13517066.42350265,3663461.963728261,普陀区
station:BV10039780,BV10039780,江宁路(地铁站),121.44022546590188,31.246150790557596,13518664.058802718,3664757.9384811562,普陀区
station:BV10030032,BV10030032,真光路(地铁站),121.37951660147534,31.25510987033675,13511905.97892906,3665924.52288924,普陀区
station:BV10039809,BV10039809,真北路(地铁站),121.37730648895491,31.234078113925975,13511659.950328724,3663186.0997978593,普陀区
station:BV09356943,BV09356943,真华路(地铁站),121.4081008642306,31.26330464557241,13515087.964503232,3666991.6822243077,普陀区
station:BV10039802,BV10039802,真如(地铁站),121.40256648369515,31.252593463733223,13514471.880080255,3665596.8440494686,普陀区
station:BV10820986,BV10820986,祁安路(地铁站),121.38016370016008,31.293373253469593,13511978.013625126,3670908.141490503,普陀区
station:BV10039810,BV10039810,祁连山南路(地铁站),121.36265179254005,31.239481661117498,13510028.596986318,3663889.606147296,普陀区
station:BV10030224,BV10030224,祁连山路(地铁站),121.37139658655427,31.27348128947009,13511002.063002937,3668317.0581355006,普陀区
station:BV10039776,BV10039776,金沙江路(地铁站),121.40855268234382,31.23398396132438,13515138.26066552,3663173.8421042697,普陀区
station:BV10039946,BV10039946,铜川路(地铁站),121.3923834371291,31.252559584218005,13513338.308521956,3665592.4324212843,普陀区
station:BV10039864,BV10039864,镇坪路(地铁站),121.4251465400403,31.24821368526512,13516985.480454331,3665026.5434025107,普陀区
station:BV10039779,BV10039779,长寿路(地铁站),121.43365431185441,31.24271909088111,13517932.561280333,3664311.117514923,普陀区
station:BV10820974,BV10820974,长风公园(地铁站),121.39166985640999,31.227092353901188,13513258.873079676,3662276.6593597685,普陀区
station:BV10039777,BV10039777,隆德路(地铁站),121.41893682048006,31.232354154288068,13516294.217635011,3662961.6600437867,普陀区
station:BV10039977,BV10039977,三门路(地铁站),121.50393183167432,31.315222933889334,13525755.81899981,3673754.8629329503,杨浦区
station:BV09356947,BV09356947,上海体育大学(地铁站),121.51876152675545,31.316775182693213,13527406.653104631,3673957.125334571,杨浦区
station:BV11639102,BV11639102,上海财经大学(地铁站),121.49188092671461,31.309647024320984,13524414.318396281,3673028.3336672923,杨浦区
station:BV11639108,BV11639108,丹阳路(地铁站),121.52683513064504,31.255912860312854,13528305.402578361,3666029.0876480923,杨浦区
station:BV10030403,BV10030403,五角场(地铁站),121.51024754617409,31.30007637269004,13526458.881121822,3671781.3981772424,杨浦区
station:BV11653224,BV11653224,共青森林公园(地铁站),121.54228344259607,31.316700917129776,13530025.100798128,3673947.448246047,杨浦区
station:BV10024697,BV10024697,同济大学(地铁站),121.50185603607522,31.283919136082854,13525524.742490757,3669676.6008550497,杨浦区
station:BV10854613,BV10854613,国帆路(地铁站),121.50877484726695,31.341561630356473,13526294.941029409,3677187.3212780184,杨浦区
station:BV10025272,BV10025272,国权路(地铁站),121.50562390265411,31.29129931378409,13525944.179479638,3670637.9691550606,杨浦区
station:BV10025457,BV10025457,复兴岛(地铁站),121.557068174421,31.28293010281529,13531670.929616163,3669547.771567865,杨浦区
station:BV11639104,BV11639104,复旦大学(地铁站),121.49509044457034,31.298338057396954,13524771.600289626,3671554.931156828,杨浦区
station:BV10025282,BV10025282,嫩江路(地铁站),121.52762653065324,31.31687896710988,13528393.500824274,3673970.6488559847,杨浦区
station:BV10039929,BV10039929,宁国路(地铁站),121.52802967381956,31.27066856716505,13528438.37851626,3667950.7232310353,杨浦区
station:BV10039907,BV10039907,市光路(地铁站),121.52760479790885,31.324795961649286,13528391.081546238,3675002.308604553,杨浦区
station:BV11639109,BV11639109,平凉路(地铁站),121.52236120801729,31.26112168833874,13527807.36778966,3666707.398968862,杨浦区
station:BV10039909,BV10039909,延吉中路(地铁站),121.53062507204663,31.29063587112371,13528727.296925263,3670551.5436665486,杨浦区
station:BV11639103,BV11639103,抚顺路(地铁站),121.51141385114622,31.285706543326864,13526588.71359741,3669909.4279993423,杨浦区
station:BV10039979,BV10039979,新江湾城(地铁站),121.50253653517446,31.330495132646387,13525600.495303959,3675745.0185409854,杨浦区
station:BV10039978,BV10039978,殷高东路(地铁站),121.50238255229876,31.323769131531865,13525583.354008649,3674868.497970112,杨浦区
station:BV10039930,BV10039930,江浦公园(地铁站),121.51934671194226,31.26664304507819,13527471.795621635,3667426.4497170844,杨浦区
station:BV10039911,BV10039911,江浦路(地铁站),121.5140096227992,31.27699962293132,13526877.673575995,3668775.308707292,杨浦区
station:BV10039976,BV10039976,江湾体育场(地铁站),121.50892435390088,31.306320067395266,13526311.584031768,3672594.8586765598,杨浦区
station:BV10039927,BV10039927,爱国路(地铁站),121.54838888879294,31.28192417131564,13530704.755959732,3669416.74254035,杨浦区
station:BV10030219,BV10030219,翔殷路(地铁站),121.5276474182383,31.307080766580675,13528395.826019607,3672693.9701434304,杨浦区
station:BV10039928,BV10039928,隆昌路(地铁站),121.54040565008066,31.27733449813309,13529816.065891523,3668818.9259166336,杨浦区
station:BV10033521,BV10033521,鞍山新村(地铁站),121.50528504811038,31.27527092513032,13525906.458364384,3668550.149756509,杨浦区
station:BV10039908,BV10039908,黄兴公园(地铁站),121.52906166137677,31.297475170767346,13528553.258845618,3671442.5161836394,杨浦区
station:BV10039910,BV10039910,黄兴路(地铁站),121.52406512752248,31.28089386359941,13527997.047241304,3669282.5398032437,杨浦区
station:BV09334322,BV09334322,上海松江站(地铁站),121.22647347952763,30.986967437923486,13494869.296526797,3631056.7322448418,松江区
station:BV10039875,BV10039875,九亭(地铁站),121.31490762066534,31.139242321669723,13504713.740085619,3650845.642519765,松江区
station:BV10035054,BV10035054,佘山(地铁站),121.2252645950679,31.106176787621184,13494734.724124331,3646545.9104078864,松江区
station:BV09064134,BV09064134,刘五公路(地铁站),121.2444501868418,31.09236191640493,13496870.454430874,3644749.9140032046,松江区
station:BV09357271,BV09357271,千帆路(地铁站),121.31996899855534,31.094261337098104,13505277.170094967,3644996.8318880224,松江区
station:BV09357272,BV09357272,同乐路(地铁站),121.2645727368983,31.094784510514145,13499110.486456312,3645064.843424813,松江区
station:BV09064131,BV09064131,场东路(地铁站),121.35311110658736,31.10169995693365,13508966.532684395,3645963.873344734,松江区
station:BV09064130,BV09064130,场西路(地铁站),121.33529726833264,31.09526756456281,13506983.50528108,3645127.6398536516,松江区
station:BV10039873,BV10039873,松江体育中心(地铁站),121.22613262625333,31.018136823204475,13494831.352913873,3635104.7786873593,松江区
station:BV10027922,BV10027922,松江大学城(地铁站),121.228161771207,31.056094100121694,13495057.23629683,3640036.174274095,松江区
station:BV10039874,BV10039874,松江新城(地铁站),121.22632455962533,31.032417602613812,13494852.718839107,3636959.901686897,松江区
station:BV10032803,BV10032803,泗泾(地铁站),121.25582715303996,31.12034928703115,13498136.932514649,3648388.671658607,松江区
station:BV10027857,BV10027857,洞泾(地铁站),121.22605381314445,31.086583306368073,13494822.579478724,3643998.7457535034,松江区
station:BV10037928,BV10037928,醉白池(地铁站),121.22494801892624,31.003263711325207,13494699.483029451,3633173.0051752976,松江区
station:BV10028225,BV10028225,三林(地铁站),121.50741457135946,31.14532154672875,13526143.515808072,3651636.3278429494,浦东新区
station:BV10039963,BV10039963,三林东(地铁站),121.5186562817431,31.148587077092003,13527394.937283449,3652061.0751006855,浦东新区
station:BV11494196,BV11494196,三林南(地铁站),121.48238458764656,31.128071288693917,13523357.190766975,3649392.8309388105,浦东新区
station:BV10039828,BV10039828,上南路(地铁站),121.5020459484366,31.15089869006352,13525545.883438122,3652361.75524858,浦东新区
station:BV09237111,BV09237111,上海东站(地铁站),121.77982173558583,31.122175865137645,13556467.742613968,3648626.190175267,浦东新区
station:BV11494195,BV11494195,上海东站(地铁站),121.77849720850244,31.11338813906598,13556320.296933524,3647483.5228498783,浦东新区
station:BV10039832,BV10039832,上海儿童医学中心(地铁站),121.51913614328043,31.205377555102505,13527448.355225427,3659450.1496868813,浦东新区
station:BV09301413,BV09301413,上海国际旅游度假区(地铁站),121.67543107334467,31.158314228107272,13544847.02725133,3653326.3715223153,浦东新区
station:BV10031164,BV10031164,上海科技馆(地铁站),121.54015666375882,31.220966110924714,13529788.348860966,3661479.1703842934,浦东新区
station:BV10039788,BV10039788,下南路(地铁站),121.53589792974076,31.1814506857316,13529314.268758718,3656336.456859901,浦东新区
station:BV10718377,BV10718377,下沙(地铁站),121.58479742864498,31.056689696866115,13534757.736076023,3640113.5696566477,浦东新区
station:BV10029559,BV10029559,世博大道(地铁站),121.47982986251937,31.184784199274134,13523072.80006674,3656770.2122260835,浦东新区
station:BV10032793,BV10032793,世纪公园(地铁站),121.54664445156429,31.211585292357135,13530510.566095743,3660258.114372211,浦东新区
station:BV10039835,BV10039835,世纪大道(地铁站),121.52287744778282,31.230780725008,13527864.835337477,3662756.8211885276,浦东新区
station:BV10032522,BV10032522,东方体育中心(地铁站),121.47580957006534,31.155364767702004,13522625.263157977,3652942.6954459827,浦东新区
station:BV10039787,BV10039787,东明路(地铁站),121.50648078440193,31.174725486474657,13526039.567119462,3655461.4232717175,浦东新区
station:BV10039926,BV10039926,东陆路(地铁站),121.5749056579884,31.284705106248172,13533656.58920364,3669778.980554997,浦东新区
station:BV10039844,BV10039844,东靖路(地铁站),121.58452576574403,31.29285867371579,13534727.494700227,3670841.1065787547,浦东新区
station:BV10039917,BV10039917,中华艺术宫(地铁站),121.48917562199806,31.187263479497293,13524113.165252836,3657092.8250203407,浦东新区
station:BV09356944,BV09356944,中华艺术宫南(地铁站),121.48952310388354,31.184441930966848,13524151.846759383,3656725.6757157184,浦东新区
station:BV10039792,BV10039792,中科路(地铁站),121.59826836249195,31.181089008386234,13536257.31357217,3656289.39647578,浦东新区
station:BV10039831,BV10039831,临沂新村(地铁站),121.51232664814697,31.19528822100013,13526690.325694717,3658137.090980355,浦东新区
station:BV10039813,BV10039813,临港大道(地铁站),121.90677040002177,30.925885128250492,13570599.603293896,3623127.6519017955,浦东新区
station:BV09079015,BV09079015,丹桂路(地铁站),121.62806108188065,31.224894903247943,13539573.823923405,3661990.5983760213,浦东新区
station:BV10027135,BV10027135,书院(地铁站),121.84635811745906,30.961561719446994,13563874.538762292,3627758.205935938,浦东新区
station:BV10039856,BV10039856,云台路(地铁站),121.49601343690367,31.18425545385275,13524874.347326161,3656701.411077259,浦东新区
station:BV10039840,BV10039840,云山路(地铁站),121.56692640689555,31.25314657599273,13532768.343035197,3665668.867902302,浦东新区
station:BV11649014,BV11649014,云桥路(地铁站),121.6109853994582,31.251135579832596,13537672.967651455,3665407.0068230666,浦东新区
station:BV10039956,BV10039956,云顺路(地铁站),121.59613450044287,31.23926332665239,13536019.773135476,3663861.1796539975,浦东新区
station:BV10039845,BV10039845,五洲大道(地铁站),121.58500109195468,31.304739142298033,13534780.40777195,3672388.882567735,浦东新区
station:BV10039842,BV10039842,五莲路(地铁站),121.58365671248474,31.274207012564112,13534630.752133945,3668411.5796195134,浦东新区
station:BV09356651,BV09356651,佳林路(地铁站),121.6002995456076,31.27375828469943,13536483.42384228,3668353.135171061,浦东新区
station:BV10032909,BV10032909,凌兆新村(地铁站),121.48520221255652,31.14333338270586,13523670.847337153,3651377.7346817707,浦东新区
station:BV11494927,BV11494927,凌空北路(地铁站),121.66827340509474,31.29568694011741,13544050.23926659,3671209.552702346,浦东新区
station:BV11277591,BV11277591,凌空路(地铁站),121.71972788775373,31.194906965578692,13549778.126074422,3658087.475907151,浦东新区
station:BV11277592,BV11277592,创新中路(地铁站),121.6694208603461,31.215985817483332,13544177.973400861,3660830.894466214,浦东新区
station:BV11639110,BV11639110,北中路(地铁站),121.55711639693347,31.184958250549144,13531676.297721695,3656792.860123622,浦东新区
station:BV09377606,BV09377606,北新园路(地铁站),121.62510166527524,31.32190967760047,13539244.383173892,3674626.188271427,浦东新区
station:BV10039838,BV10039838,北洋泾路(地铁站),121.54805044620993,31.241298169988717,13530667.080703735,3664126.1127081225,浦东新区
station:BV10029748,BV10029748,北蔡(地铁站),121.54775762959851,31.182311924222184,13530634.48450766,3656448.519383222,浦东新区
station:BV09024024,BV09024024,华丰路(地铁站),121.50235537704737,31.194573279044615,13525580.328873502,3658044.051424923,浦东新区
station:BV11277589,BV11277589,华夏东路(地铁站),121.676667325918,31.198684395117994,13544984.646258265,3658579.064475035,浦东新区
station:BV10039791,BV10039791,华夏中路(地铁站),121.57890370985992,31.177983399692,13534101.650302084,3655885.3112769476,浦东新区
station:BV10039829,BV10039829,华夏西路(地铁站),121.5101667260586,31.1519800812844,13526449.88426772,3652502.4183680606,浦东新区
station:BV10946926,BV10946926,华鹏路(地铁站),121.52223371533688,31.178398454868436,13527793.1753694,3655939.3152700732,浦东新区
station:BV11581685,BV11581685,南码头路(地铁站),121.50485199803927,31.198285866536125,13525858.251450986,3658527.199684188,浦东新区
station:BV10031099,BV10031099,博兴路(地铁站),121.58247954440753,31.265705096875998,13534499.710383028,3667304.2969986186,浦东新区
station:BV09356653,BV09356653,博宇路(地铁站),121.61095859472428,31.176466334950433,13537669.983762125,3655687.923742289,浦东新区
station:BV10854616,BV10854616,双江路(地铁站),121.53511710686347,31.355680811325477,13529227.347953629,3679027.7282381416,浦东新区
station:BV09356650,BV09356650,古桐南路(地铁站),121.60916450849668,31.20214175907313,13537470.266996855,3659029.0174288983,浦东新区
station:BV10960990,BV10960990,台儿庄路(地铁站),121.59325476537107,31.25501741481125,13535699.20249371,3665912.4834564133,浦东新区
station:BV09377604,BV09377604,台南西路(地铁站),121.60314127113438,31.318674326684512,13536799.763280852,3674204.5936932927,浦东新区
station:BV10039858,BV10039858,后滩(地铁站),121.46923814213355,31.17388890632661,13521893.735146929,3655352.5779464385,浦东新区
station:BV09334329,BV09334329,向城路(地铁站),121.52776069712398,31.224399602306455,13528408.436167479,3661926.1217262396,浦东新区
station:BV10718368,BV10718368,周浦(地铁站),121.5633918884704,31.116370586412586,13532374.882243967,3647871.318382643,浦东新区
station:BV10033468,BV10033468,周浦东(地铁站),121.60270344311537,31.112300097298263,13536751.024488727,3647342.052224681,浦东新区
station:BV11277590,BV11277590,唐镇(地铁站),121.65201031530218,31.21625460106627,13542239.840392407,3660865.8806741987,浦东新区
station:BV11649011,BV11649011,唐黄路(地铁站),121.67890753915977,31.14558938819052,13545234.025655571,3651671.165408419,浦东新区
station:BV10039883,BV10039883,商城路(地铁站),121.51190205358215,31.232325271841102,13526643.060043974,3662957.899915639,浦东新区
station:BV10854614,BV10854614,基隆路(地铁站),121.58619678039238,31.353463846314106,13534913.511199964,3678738.7330034645,浦东新区
station:BV10034167,BV10034167,塘桥(地铁站),121.5143271991131,31.21184589187018,13526913.026009541,3660292.033720864,浦东新区
station:BV10039848,BV10039848,外高桥保税区北(地铁站),121.58270973648746,31.349954641758472,13534525.335248146,3678281.300200957,浦东新区
station:BV10030681,BV10030681,外高桥保税区南(地铁站),121.59775456461075,31.323742073398027,13536200.117853673,3674864.971928438,浦东新区
station:BV10039793,BV10039793,学林路(地铁站),121.61016230941834,31.18569523487408,13537581.341687353,3656888.7584489593,浦东新区
station:BV11277593,BV11277593,川沙(地铁站),121.69387546268233,31.188824509230233,13546900.247280102,3657295.956117665,浦东新区
station:BV09356654,BV09356654,川沙路(地铁站),121.7061905548804,31.152726346955205,13548271.157072473,3652599.490609102,浦东新区
station:BV10039843,BV10039843,巨峰路(地铁站),121.58415534360047,31.282862605947045,13534686.259495834,3669538.979624266,浦东新区
station:BV10039819,BV10039819,广兰路(地铁站),121.61686416022427,31.213250169722883,13538327.388306336,3660474.8146050326,浦东新区
station:BV11649009,BV11649009,康南路(地铁站),121.6143020147731,31.16769917914812,13538042.171579417,3654547.278084228,浦东新区
station:BV09303995,BV09303995,康恒路(地铁站),121.54944584324595,31.15642648926579,13530822.415591216,3653080.8065071935,浦东新区
station:BV10538982,BV10538982,康新公路(地铁站),121.61300086004793,31.13268574459901,13537897.327697987,3649992.9279307504,浦东新区
station:BV10718369,BV10718369,康桥(地铁站),121.56308269162412,31.136469261804823,13532340.462608488,3650484.9854662484,浦东新区
station:BV09301415,BV09301415,康桥东(地铁站),121.61069601998756,31.149045764338926,13537640.754076142,3652120.7376839244,浦东新区
station:BV09377605,BV09377605,张杨北路(地铁站),121.58524409580612,31.318616917653053,13534807.45883695,3674197.112924174,浦东新区
station:BV10039794,BV10039794,张江路(地铁站),121.62496767040516,31.1913320708995,13539229.466933187,3657622.2629719567,浦东新区
station:BV10039897,BV10039897,张江高科(地铁站),121.58328624429359,31.204085817265938,13534589.511803556,3659282.0309127155,浦东新区
station:BV11649017,BV11649017,张衡路(地铁站),121.60833059314366,31.194259175800042,13537377.435964407,3658003.175564849,浦东新区
station:BV10039965,BV10039965,御桥(地铁站),121.56669471879442,31.16035321382739,13532742.551633764,3653591.6168636344,浦东新区
station:BV11581680,BV11581680,德州路(地铁站),121.47317870060286,31.16718721046028,13522332.396109112,3654480.6719614007,浦东新区
station:BV10039839,BV10039839,德平路(地铁站),121.55999887544186,31.247570849881125,13531997.17376143,3664942.84061078,浦东新区
station:BV10039815,BV10039815,惠南(地铁站),121.75732200705623,31.05593869648785,13553963.084291415,3640015.980281539,浦东新区
station:BV10039814,BV10039814,惠南东(地铁站),121.78949484485076,31.0286057280075,13557544.54821158,3636464.6986842547,浦东新区
station:BV10025911,BV10025911,成山路(地铁站),121.49188658269601,31.172548026531384,13524414.948017253,3655178.1214762568,浦东新区
station:BV10027172,BV10027172,新场(地铁站),121.6447483427015,31.047811739719258,13541431.44130046,3638959.9653203273,浦东新区
station:BV09237109,BV09237109,施新路(地铁站),121.75388739886301,31.150775862627043,13553580.745456325,3652345.778439919,浦东新区
station:BV10039952,BV10039952,昌邑路(地铁站),121.5358072827796,31.246064561148117,13529304.177985162,3664746.710869729,浦东新区
station:BV09332660,BV09332660,星海湾路(地铁站),121.93712974776068,30.95673991183718,13573979.190424537,3627132.2704134225,浦东新区
station:BV10960991,BV10960991,曹路(地铁站),121.67883793227207,31.2733680473906,13545226.277052278,3668302.3090364365,浦东新区
station:BV10025899,BV10025899,杨思(地铁站),121.48907430634277,31.16312248073445,13524101.886845684,3653951.8713646266,浦东新区
station:BV10039884,BV10039884,杨高中路(地铁站),121.54439223275175,31.229661150566912,13530259.850244414,3662611.0700690886,浦东新区
station:BV10039925,BV10039925,杨高北路(地铁站),121.59875497639933,31.28227212959659,13536311.483184544,3669462.0661793137,浦东新区
station:BV10039855,BV10039855,杨高南路(地铁站),121.52019801401745,31.189724195413525,13527566.562135145,3657413.030516357,浦东新区
station:BV10039959,BV10039959,桂桥路(地铁站),121.63086014502336,31.251584902504128,13539885.414207106,3665465.5147152906,浦东新区
station:BV10031172,BV10031172,歇浦路(地铁站),121.54723949573126,31.252874383561817,13530576.806109402,3665633.424144881,浦东新区
station:BV10039837,BV10039837,民生路(地铁站),121.53924071490842,31.23798714602487,13529686.385901362,3663695.0260736938,浦东新区
station:BV10960995,BV10960995,民雷路(地铁站),121.6638391788268,31.270435882694652,13543556.623456448,3667920.4184024106,浦东新区
station:BV10718374,BV10718374,沈梅路(地铁站),121.57638811937198,31.09338299859052,13533821.616049962,3644882.650415389,浦东新区
station:BV09305183,BV09305183,泥城(地铁站),121.80990641449215,30.895095281485634,13559816.753750034,3619132.749204642,浦东新区
station:BV10039846,BV10039846,洲海路(地铁站),121.58518440820042,31.314395490150865,13534800.814443078,3673647.04603987,浦东新区
station:BV10039964,BV10039964,浦三路(地铁站),121.53471283723289,31.15302852693676,13529182.344864218,3652638.797589701,浦东新区
station:BV09301412,BV09301412,浦东1号2号航站楼(地铁站),121.80130134135729,31.153064629480312,13558858.841390554,3652643.493746289,浦东新区
station:BV09356652,BV09356652,浦东3号航站楼(地铁站),121.81379038542902,31.120979993045154,13560249.115416922,3648470.684802475,浦东新区
station:BV09377603,BV09377603,浦东北路(地铁站),121.57381755882851,31.31855585314199,13533535.462559247,3674189.15582736,浦东新区
station:BV09335357,BV09335357,浦东南路(原东昌路)(地铁站),121.51118027596873,31.23533379661081,13526562.712127592,3663349.577846185,浦东新区
station:BV10039949,BV10039949,浦东南路(地铁站),121.508024717017,31.24058419199659,13526211.436911967,3664033.1533685867,浦东新区
station:BV10039950,BV10039950,浦东大道(地铁站),121.51493874342219,31.242379378183365,13526981.10281062,3664266.8864517603,浦东新区
station:BV11494198,BV11494198,浦东机场3号航站楼(地铁站),121.81363099685483,31.120837777287672,13560231.372362006,3648452.1918895557,浦东新区
station:BV10039957,BV10039957,浦东足球场(地铁站),121.61122385539892,31.243835680197268,13537699.51244535,3664456.500109286,浦东新区
station:BV10426327,BV10426327,浦电路(地铁站),121.52502314254635,31.222262444426203,13528103.692985918,3661647.917406959,浦东新区
station:BV11277588,BV11277588,海天三路(地铁站),121.792567382236,31.17054251897069,13557886.5815087,3654917.197573747,浦东新区
station:BV10039849,BV10039849,港城路(地铁站),121.57078758556744,31.35536493942728,13533198.167478757,3678986.5519472817,浦东新区
station:BV10039836,BV10039836,源深体育中心(地铁站),121.53032980656296,31.23512017263025,13528694.428121977,3663321.765864353,浦东新区
station:BV10039951,BV10039951,源深路(地铁站),121.52669171990176,31.243421059934093,13528289.438167447,3664402.5153606655,浦东新区
station:BV09332657,BV09332657,滨海森林公园(地铁站),121.90361139465702,30.975010031179686,13570247.944425328,3629504.1448122156,浦东新区
station:BV10035241,BV10035241,滴水湖(地铁站),121.92549314398475,30.90960523828748,13572683.80961782,3621015.2182990485,浦东新区
station:BV09332658,BV09332658,滴水湖北(地铁站),121.93678179604656,30.926243614130716,13573940.456616905,3623174.172086105,浦东新区
station:BV09024027,BV09024027,潍坊路(地铁站),121.51356844392507,31.225290341517606,13526828.561768387,3662042.0754737454,浦东新区
station:BV10039827,BV10039827,灵岩南路(地铁站),121.49085372602217,31.150710282854657,13524299.970938275,3652337.248143561,浦东新区
station:BV11649013,BV11649013,申江南路(地铁站),121.62196422061282,31.140797706436977,13538895.12443173,3651047.9364897325,浦东新区
station:BV10039923,BV10039923,申江路(地铁站),121.6226437498941,31.28239413356759,13538970.769285288,3669477.957962939,浦东新区
station:BV10538984,BV10538984,秀沿路(地铁站),121.59419641866027,31.140376699571668,13535804.02685835,3650993.179839576,浦东新区
station:BV10718375,BV10718375,繁荣路(地铁站),121.56633172729107,31.104805705157947,13532702.143604454,3646367.6517433655,浦东新区
station:BV10039818,BV10039818,罗山路(地铁站),121.58895556449956,31.1554992644919,13535220.617641939,3652960.1909967456,浦东新区
station:BV10039857,BV10039857,耀华路(地铁站),121.49015870957868,31.180540794899464,13524222.602061704,3656218.064904621,浦东新区
station:BV10718376,BV10718376,航头(地铁站),121.59189717194474,31.039610189489597,13535548.075884806,3637894.3491141414,浦东新区
station:BV10039817,BV10039817,航头东(地铁站),121.61330186718813,31.057205719006078,13537930.835659554,3640180.6250336473,浦东新区
station:BV10039847,BV10039847,航津路(地铁站),121.58976284671556,31.33753020203205,13535310.48388714,3676661.883365079,浦东新区
station:BV10039850,BV10039850,花木路(地铁站),121.55851584102638,31.21339647548912,13531832.08312549,3660493.857927921,浦东新区
station:BV09305184,BV09305184,花柏路(地铁站),121.8944248965406,30.90762354698001,13569225.308132976,3620758.1040408695,浦东新区
station:BV10039853,BV10039853,芳华路(地铁站),121.54584981242724,31.19528064307204,13530422.107271655,3658136.1048168074,浦东新区
station:BV10960994,BV10960994,芳甸路(地铁站),121.55418216900293,31.234012734424624,13531349.660962643,3663177.588062621,浦东新区
station:BV11639107,BV11639107,芳芯路(地铁站),121.55498225989184,31.193346565634734,13531438.726672973,3657884.4137109965,浦东新区
station:BV10039790,BV10039790,莲溪路(地铁站),121.56218622527223,31.171320734164436,13532240.668430697,3655018.445573874,浦东新区
station:BV10039954,BV10039954,蓝天路(地铁站),121.57377875443514,31.24321708477533,13533531.14287394,3664375.9572963654,浦东新区
station:BV10039833,BV10039833,蓝村路(地铁站),121.52329423618126,31.213779860320134,13527911.232009755,3660543.7598679718,浦东新区
station:BV11639106,BV11639106,迎春路(地铁站),121.54673270970706,31.223160961041415,13530520.390947254,3661764.880953605,浦东新区
station:BV11277594,BV11277594,远东大道(地铁站),121.75092927735469,31.201415361817297,13553251.44887636,3658934.4802865037,浦东新区
station:BV10681608,BV10681608,迪士尼(地铁站),121.66368411264872,31.14342555774616,13543539.36156847,3651389.723429411,浦东新区
station:BV10039816,BV10039816,野生动物园(地铁站),121.6948932854925,31.052481001380368,13547013.550797034,3639566.6771228295,浦东新区
station:BV10039924,BV10039924,金京路(地铁站),121.61126766435402,31.28199709915158,13537704.389235923,3669426.2418115768,浦东新区
station:BV10960989,BV10960989,金吉路(地铁站),121.62452095703438,31.266471647825583,13539179.739028228,3667404.1278816843,浦东新区
station:BV10960993,BV10960993,金桥(地铁站),121.60713046975997,31.26303487591352,13537243.838840464,3666956.5501690293,浦东新区
station:BV10039841,BV10039841,金桥路(地铁站),121.57760370723194,31.25926897638381,13533956.934671527,3666466.1282205763,浦东新区
station:BV10039922,BV10039922,金海路(地铁站),121.63439595691322,31.26529579397912,13540279.018986173,3667250.992237769,浦东新区
station:BV10039896,BV10039896,金科路(地铁站),121.59779027700787,31.206427541808903,13536204.093339533,3659586.806412501,浦东新区
station:BV10039958,BV10039958,金粤路(地铁站),121.62479747880192,31.24426910759223,13539210.52129058,3664512.9338538316,浦东新区
station:BV09237108,BV09237108,金闻路(地铁站),121.77028103783148,31.120051137523493,13555405.67699829,3648349.902313997,浦东新区
station:BV10039854,BV10039854,锦绣路(地铁站),121.53574880694742,31.1897431711628,13529297.6684853,3657415.499805382,浦东新区
station:BV10039786,BV10039786,长清路(地铁站),121.48405639114571,31.176019979748467,13523543.295081181,3655629.8484096555,浦东新区
station:BV09237110,BV09237110,闻居路(地铁站),121.75986181464191,31.132741921266444,13554245.814378526,3650000.233727954,浦东新区
station:BV10029743,BV10029743,陆家嘴(地铁站),121.49770479004879,31.240280654482337,13525062.627897004,3663993.633250069,浦东新区
station:BV10039789,BV10039789,陈春路(地铁站),121.55394936535623,31.177289872685748,13531323.74537924,3655795.0750612346,浦东新区
station:BV10960992,BV10960992,顾唐路(地铁站),121.6522016203469,31.26819769778674,13542261.136372568,3667628.9209862873,浦东新区
station:BV11494928,BV11494928,高宝路(地铁站),121.62224621669294,31.294000849695603,13538926.516091768,3670989.8996867947,浦东新区
station:BV10854617,BV10854617,高桥(地铁站),121.55872150569398,31.354748787633703,13531854.977611559,3678906.2322991146,浦东新区
station:BV10854615,BV10854615,高桥西(地铁站),121.54499946672232,31.353591482081924,13530327.4472208,3678755.370938073,浦东新区
station:BV09079016,BV09079016,高科中路(地铁站),121.63009596446238,31.206097148470228,13539800.346016198,3659543.8052551467,浦东新区
station:BV10025916,BV10025916,高科西路(地铁站),121.50545302268971,31.187830830554496,13525925.157209018,3657166.6519535757,浦东新区
station:BV10039830,BV10039830,高青路(地铁站),121.5114182713093,31.162007471655667,13526589.205647713,3653806.8183381907,浦东新区
station:BV09332659,BV09332659,鹏翔路(地铁站),121.84033720772341,31.077322568647958,13563204.294156501,3642795.0269183656,浦东新区
station:BV10029831,BV10029831,鹤沙航城(地铁站),121.60704861535898,31.080075007529974,13537234.726850227,3643152.779097086,浦东新区
station:BV10718367,BV10718367,鹤涛路(地铁站),121.58176578361281,31.074142325841944,13534420.254894823,3642381.683210772,浦东新区
station:BV10039955,BV10039955,黄杨路(地铁站),121.58680984216053,31.236197925494892,13534981.756923812,3663462.080542944,浦东新区
station:BV11649016,BV11649016,龙东大道(地铁站),121.61259168224561,31.222967269950935,13537851.778233392,3661739.667305935,浦东新区
station:BV10039953,BV10039953,龙居路(地铁站),121.5540017087597,31.25892822922458,13531329.572220258,3666421.7546920474,浦东新区
station:BV10039851,BV10039851,龙阳路(地铁站),121.55338577270247,31.20575473979349,13531261.006532017,3659499.240443162,浦东新区
station:BV09248055,BV09248055,万安路(地铁站),121.47181855250574,31.303008273120714,13522180.985115558,3672163.3744568,虹口区
station:BV11581689,BV11581689,上海外国语大学(地铁站),121.47659888951425,31.276807339789755,13522713.12979709,3668750.26406213,虹口区
station:BV10039989,BV10039989,东宝兴路(地铁站),121.47569810281524,31.261833167308048,13522612.854680458,3666800.053088537,虹口区
station:BV10039995,BV10039995,临平路(地铁站),121.49626468564877,31.262881300228486,13524902.316208526,3666936.550079407,虹口区
station:BV09024025,BV09024025,凉城路(地铁站),121.46459107586985,31.28178235292509,13521376.426096842,3669398.269898109,虹口区
station:BV11581686,BV11581686,周家嘴路(地铁站),121.4968831160391,31.260505186085517,13524971.159564659,3666627.113993272,虹口区
station:BV10039974,BV10039974,四川北路(地铁站),121.47971857608128,31.25399712722613,13523060.41171712,3665779.623777302,虹口区
station:BV10025270,BV10025270,四平路(地铁站),121.49705835934965,31.276883711002103,13524990.667560752,3668760.2113134763,虹口区
station:BV10039932,BV10039932,国际客运中心(地铁站),121.49371842135345,31.252164366390595,13524618.867363784,3665540.9691659044,虹口区
station:BV10030068,BV10030068,大柏树(地铁站),121.47871992682136,31.291376422878315,13522949.24259004,3670648.014058277,虹口区
station:BV10039931,BV10039931,大连路(地铁站),121.50870147619408,31.259983533674333,13526286.77339894,3666559.181397154,虹口区
station:BV10039933,BV10039933,天潼路(地铁站),121.4778257440476,31.245775335820603,13522849.702619005,3664709.051987957,虹口区
station:BV11653223,BV11653223,广灵二路(地铁站),121.47461454545797,31.283897766891588,13522492.233627219,3669673.8173371498,虹口区
station:BV11581693,BV11581693,广灵四路(地铁站),121.46126231267374,31.287896280477945,13521005.869872933,3670194.6685353382,虹口区
station:BV10024879,BV10024879,提篮桥(地铁站),121.50239236131237,31.255546830660453,13525584.44594305,3665981.4234280456,虹口区
station:BV10039912,BV10039912,曲阳路(地铁站),121.48667093444169,31.278495993580492,13523834.344709504,3668970.2109078458,虹口区
station:BV10039996,BV10039996,杨树浦路(地铁站),121.51283849465999,31.25399517148841,13526747.304187901,3665779.3691066764,虹口区
station:BV10026161,BV10026161,江湾镇(地铁站),121.48057297424147,31.30750840498379,13523155.522885233,3672749.68748551,虹口区
station:BV10039975,BV10039975,海伦路(地铁站),121.4842227237244,31.261275096449587,13523561.811139138,3666727.3768628696,虹口区
station:BV11581682,BV11581682,甜爱路(地铁站),121.47910940993381,31.266369974130907,13522992.599651784,3667390.8864781093,虹口区
station:BV10024871,BV10024871,虹口足球场(地铁站),121.47464555486243,31.27333126374638,13522495.685578333,3668297.518192048,虹口区
station:BV10039988,BV10039988,赤峰路(地铁站),121.47793090791104,31.283191495768083,13522861.409406729,3669581.819904724,虹口区
station:BV11581679,BV11581679,车站北路(地铁站),121.46265058018864,31.29905733158672,13521160.411105754,3671648.637403646,虹口区
station:BV09248054,BV09248054,车站南路(地铁站),121.47232292793625,31.29484090714907,13522237.131931644,3671099.3364775884,虹口区
station:BV10024783,BV10024783,邮电新村(地铁站),121.48979176547819,31.27041568592333,13524181.754031293,3667917.7879781644,虹口区
station:BV09305182,BV09305182,亭林(地铁站),121.35380361283059,30.895228494809643,13509043.62212675,3619150.0305197993,金山区
station:BV09305181,BV09305181,朱泾(地铁站),121.14786289928382,30.887221019342565,13486118.406764312,3618111.29044572,金山区
station:BV09305191,BV09305191,朱泾东(地铁站),121.2169086498371,30.897287292691807,13493804.544556271,3619417.1144813076,金山区
station:BV09305192,BV09305192,枫泾站(地铁站),121.0268722457397,30.89467424461112,13472649.78882291,3619078.129669267,金山区
station:BV09305189,BV09305189,金山北站(地铁站),121.08717048834426,30.894251758941305,13479362.158484442,3619023.322428514,金山区
station:BV10025388,BV10025388,上海动物园(地铁站),121.36351657501854,31.19212410004794,13510124.864131456,3657725.3308439795,长宁区
station:BV10025398,BV10025398,中山公园(地铁站),121.4111276137885,31.219792982328066,13515424.900722729,3661326.4632515283,长宁区
station:BV10039970,BV10039970,伊犁路(地铁站),121.39925039689604,31.20073021763476,13514102.734986404,3658845.3127003103,长宁区
station:BV10030316,BV10030316,北新泾(地铁站),121.36936697975385,31.218253309048425,13510776.128207434,3661126.0455658236,长宁区
station:BV10820972,BV10820972,姚虹路(地铁站),121.40175744169923,31.19340413355514,13514381.817937253,3657891.9052362083,长宁区
station:BV10039902,BV10039902,威宁路(地铁站),121.38264042862784,31.216717313576414,13512253.721776951,3660926.109868878,长宁区
station:BV10039901,BV10039901,娄山关路(地铁站),121.39940834335825,31.21300228304866,13514120.317506146,3660442.5494643115,长宁区
station:BV10039971,BV10039971,宋园路(地铁站),121.40743415673853,31.19839340344766,13515013.746964717,3658541.1945922114,长宁区
station:BV10039992,BV10039992,延安西路(地铁站),121.4124183214716,31.21146576493984,13515568.581644755,3660242.556845089,长宁区
station:BV10039969,BV10039969,水城路(地铁站),121.38761270612902,31.201334083380324,13512807.23317639,3658923.9023302845,长宁区
station:BV10039805,BV10039805,江苏路(地铁站),121.42600607372954,31.222265671294398,13517081.163306925,3661648.337459471,长宁区
station:BV10039903,BV10039903,淞虹路(地铁站),121.35492751785947,31.220101745221225,13509168.734662246,3661366.65499239,长宁区
station:BV10820978,BV10820978,红宝石路(地铁站),121.39372365939359,31.200713526073397,13513487.50138197,3658843.1403973815,长宁区
station:BV10039980,BV10039980,虹桥1号航站楼(地铁站),121.34278866220998,31.193272934386165,13507817.443432722,3657874.8318124544,长宁区
station:BV10039972,BV10039972,虹桥路(地铁站),121.41617473708504,31.19938241886686,13515986.743917992,3658669.906304673,长宁区
station:BV10039968,BV10039968,龙溪路(地铁站),121.37539773027459,31.1962628325945,13511447.468284411,3658263.9239887055,长宁区
station:BV10026129,BV10026129,七宝(地铁站),121.34463793924542,31.157212061541678,13508023.304010613,3653182.996461527,闵行区
station:BV09373929,BV09373929,七宝北(地铁站),121.338993131952,31.16561377918928,13507394.926937172,3654275.9738901146,闵行区
station:BV10037368,BV10037368,七莘路(地铁站),121.3578548644438,31.133550301101284,13509494.605393346,3650105.364315448,闵行区
station:BV10538971,BV10538971,三鲁公路(地铁站),121.52306847453723,31.05829820823302,13527886.100338504,3640322.591609464,闵行区
station:BV10039936,BV10039936,东兰路(地铁站),121.38727667469051,31.157700321276398,13512769.82632777,3653246.5114007187,闵行区
station:BV10538975,BV10538975,东城一路(地铁站),121.52778976467829,31.03260756095104,13528411.671952823,3636984.579811184,闵行区
station:BV10028337,BV10028337,东川路(地铁站),121.41527640163895,31.02015282236318,13515886.741673587,3635366.647144487,闵行区
station:BV10039876,BV10039876,中春路(地铁站),121.33004514119828,31.151720758276813,13506398.841162983,3652468.6865042606,闵行区
station:BV09356645,BV09356645,交大紫竹路(地铁站),121.43072018136269,31.02063892326725,13517605.935368117,3635429.7901098942,闵行区
station:BV10820989,BV10820989,元江路(地铁站),121.42728768906346,31.06475757173409,13517223.83207327,3641162.0050286823,闵行区
station:BV09332361,BV09332361,兰香湖南路(地铁站),121.45091324501163,31.01604107753539,13519853.81693076,3634832.5574208517,闵行区
station:BV09332392,BV09332392,前湾公园(地铁站),121.26895148188102,31.222116826170776,13499597.926118035,3661628.961793614,闵行区
station:BV10040000,BV10040000,剑川路(地铁站),121.41195383832373,31.028431615056487,13515516.87561726,3636442.080035725,闵行区
station:BV09356647,BV09356647,北吴路(地铁站),121.45773100575035,31.06472568291243,13520612.76658444,3641157.8608418405,闵行区
station:BV10026118,BV10026118,北桥(地铁站),121.40542034065228,31.047046591241365,13514789.569983477,3638860.546741522,闵行区
station:BV09373928,BV09373928,北翟路(地铁站),121.3183999501069,31.217954810660846,13505102.50442068,3661087.1907157665,闵行区
station:BV09356649,BV09356649,华东师范大学(地铁站),121.46081510866148,31.029590650586155,13520956.087350013,3636592.6486905646,闵行区
station:BV10040002,BV10040002,华宁路(地铁站),121.39062410210491,31.009423369583747,13513142.460242955,3633973.007279041,闵行区
station:BV10820975,BV10820975,双柏路(地铁站),121.41712161630367,31.085133881201706,13516092.150030442,3643810.340453447,闵行区
station:BV10039878,BV10039878,合川路(地铁站),121.38013362257355,31.168414985544697,13511974.665403511,3654640.4036969426,闵行区
station:BV10820988,BV10820988,吴中路(地铁站),121.40926127409399,31.186205319572025,13515217.140738318,3656955.1324393936,闵行区
station:BV09356644,BV09356644,吴泾(地铁站),121.46171296426097,31.05129131420415,13521056.036178142,3639412.089417288,闵行区
station:BV09356646,BV09356646,吴泾北(地铁站),121.4520834716578,31.096537420938287,13519984.085965106,3645292.7211348373,闵行区
station:BV11471645,BV11471645,墨江路(地铁站),121.45549074808672,31.074644647380218,13520363.382242113,3642446.970214159,闵行区
station:BV10039895,BV10039895,外环路(地铁站),121.38838017456649,31.122791491532816,13512892.667372039,3648706.2439924013,闵行区
station:BV11592915,BV11592915,季乐路(地铁站),121.27352377933187,31.21312675849265,13500106.911941947,3660458.7512835846,闵行区
station:BV10040003,BV10040003,文井路(地铁站),121.37615448494182,31.00556434562284,13511531.709828613,3633471.8001651485,闵行区
station:BV10039877,BV10039877,星中路(地铁站),121.36428420140531,31.160002460407313,13510210.315909939,3653545.98803039,闵行区
station:BV10039998,BV10039998,春申路(地铁站),121.38118468565895,31.100158906066834,13512091.669210954,3645763.526187185,闵行区
station:BV09301414,BV09301414,景洪路(地铁站),121.43971596611264,31.11175267006081,13518607.34154563,3647270.8746203454,闵行区
station:BV10820967,BV10820967,景西路(地铁站),121.41412729825286,31.10163523701257,13515758.824069796,3645955.45924674,闵行区
station:BV10820977,BV10820977,曙建路(地铁站),121.41326434259352,31.092537702006105,13515662.760285234,3644772.765294261,闵行区
station:BV10820968,BV10820968,永德路(地铁站),121.43861267967063,31.041120754750107,13518484.524260722,3638090.6078954027,闵行区
station:BV10538972,BV10538972,汇臻路(地铁站),121.52023066870255,31.027445381969503,13527570.197238062,3636313.961342894,闵行区
station:BV10717293,BV10717293,江川路(地铁站),121.41885422354113,31.0073944160585,13516285.022985833,3633709.485799987,闵行区
station:BV10039919,BV10039919,江月路(地铁站),121.50421513705737,31.08637340812985,13525787.356410785,3643971.461696781,闵行区
station:BV10039921,BV10039921,沈杜公路(地铁站),121.50789914448627,31.063571253328302,13526197.45824179,3641007.8351649684,闵行区
station:BV10032461,BV10032461,浦江镇(地铁站),121.50187472711845,31.098696533861695,13525526.823168172,3645573.410799941,闵行区
station:BV10538974,BV10538974,浦航路(地铁站),121.52628210978972,31.043200473885985,13528243.840578357,3638360.818557736,闵行区
station:BV11471647,BV11471647,澄江路(地铁站),121.45505754339722,31.086153108407032,13520315.158116674,3643942.8256463804,闵行区
station:BV09373931,BV09373931,申滨南路(地铁站),121.32271957504935,31.177556414618294,13505583.362869626,3655829.755298451,闵行区
station:BV10820981,BV10820981,紫竹高新区(地铁站),121.44665054078797,31.02518855280058,13519379.294867247,3636020.788172354,闵行区
station:BV10039967,BV10039967,紫藤路(地铁站),121.36021759643145,31.171566932486673,13509757.623515055,3655050.4768458954,闵行区
station:BV11471649,BV11471649,紫龙路(地铁站),121.46484191108847,31.03585734166138,13521404.34894565,3637406.7773407777,闵行区
station:BV11592914,BV11592914,纪翟路(地铁站),121.27374989701316,31.231847705785565,13500132.083247084,3662895.727040927,闵行区
station:BV09163660,BV09163660,联曹路(地铁站),121.4391088174065,31.098269047760557,13518539.754060835,3645517.836113238,闵行区
station:BV10039920,BV10039920,联航路(地铁站),121.50621415403056,31.075699368225454,13526009.885962296,3642584.05397827,闵行区
station:BV10039966,BV10039966,航中路(地铁站),121.35073990606706,31.167326503964386,13508702.571849942,3654498.7937376234,闵行区
station:BV10039918,BV10039918,芦恒路(地铁站),121.49379779706865,31.12112897096318,13524627.703427982,3648490.0570572894,闵行区
station:BV10025001,BV10025001,莘庄(地铁站),121.38073892818241,31.113054077432178,13512042.047715653,3647440.0869292505,闵行区
station:BV11550036,BV11550036,莘建东路(地铁站),121.37451504905314,31.11152306429711,13511349.208660321,3647241.0209334935,闵行区
station:BV10026897,BV10026897,莲花路(地铁站),121.39826723995374,31.13278518934359,13513993.290456232,3650005.860760975,闵行区
station:BV11581692,BV11581692,虹建路(地铁站),121.4404024631804,31.0886048195075,13518683.762049632,3644261.5194061017,闵行区
station:BV10039904,BV10039904,虹桥2号航站楼(地铁站),121.31991139561381,31.196006555944294,13505270.757764848,3658230.5727931266,闵行区
station:BV10039905,BV10039905,虹桥火车站(地铁站),121.31439092038222,31.195949086774313,13504656.221273217,3658223.093912983,闵行区
station:BV10820980,BV10820980,虹梅南路(地铁站),121.42844399738927,31.105759997082945,13517352.551727278,3646491.7219108106,闵行区
station:BV10039934,BV10039934,虹莘路(地铁站),121.37571734363428,31.13934384846804,13511483.047480859,3650858.8470348706,闵行区
station:BV11592917,BV11592917,运乐路(地铁站),121.27868724110029,31.20654121917848,13500681.705876658,3659601.6017166427,闵行区
station:BV10040001,BV10040001,金平路(地铁站),121.40555532392587,31.013236377291282,13514804.596252754,3634468.257766835,闵行区
station:BV10039999,BV10039999,银都路(地铁站),121.38562835835076,31.091256203401194,13512586.336592186,3644606.1775475363,闵行区
station:BV10538973,BV10538973,闵瑞路(地铁站),121.52601267159076,31.05015873648527,13528213.846855253,3639264.9242984643,闵行区
station:BV10040004,BV10040004,闵行开发区(地铁站),121.36510560697059,31.002607958302836,13510301.754359188,3633087.8405404547,闵行区
station:BV10039935,BV10039935,顾戴路(地铁站),121.38720900802669,31.14277022708281,13512762.29370921,3651304.488092532,闵行区
station:BV10026120,BV10026120,颛桥(地铁站),121.39723076471726,31.068933698520727,13513877.910560703,3641704.7354163015,闵行区
station:BV10025472,BV10025472,龙柏新村(地铁站),121.36585725349975,31.17876383947485,13510385.42726806,3655986.856681943,闵行区
station:BV10538934,BV10538934,东方绿舟(地铁站),121.01509073371003,31.1005796902453,13471338.276903173,3645818.230687036,青浦区
station:BV09410390,BV09410390,凤溪(地铁站),121.22759643640599,31.19811713700877,13494994.303514663,3658505.241170267,青浦区
station:BV09234160,BV09234160,华青路(地铁站),121.12538047314649,31.188653985367292,13483615.674535256,3657273.7663072436,青浦区
station:BV10538930,BV10538930,嘉松中路(地铁站),121.21948463328418,31.166141818441936,13494091.301721854,3654344.6696267407,青浦区
station:BV09334326,BV09334326,国家会展中心(17号线)(地铁站),121.28857426088929,31.193685396261216,13501782.323884878,3657928.5070521384,青浦区
station:BV09334324,BV09334324,国家会展中心(2号线)(地铁站),121.29472710736854,31.190366611686496,13502467.255621785,3657496.627567182,青浦区
station:BV09334328,BV09334328,国家会展中心(地铁站),121.29081022245575,31.193658083727087,13502031.229987858,3657924.9527604864,青浦区
station:BV10538938,BV10538938,徐泾北城(地铁站),121.23724641890615,31.177566027782095,13496068.534652596,3655831.0060858405,青浦区
station:BV10538936,BV10538936,徐盈路(地铁站),121.24955382075176,31.18014855180505,13497438.588358846,3656167.0278945593,青浦区
station:BV10538929,BV10538929,朱家角(地铁站),121.04445383749663,31.10255376521451,13474606.962664355,3646074.8756630397,青浦区
station:BV09410389,BV09410389,朱家角南(地铁站),121.04981004344627,31.09551192348557,13475203.212783169,3645159.406332985,青浦区
station:BV09234161,BV09234161,水乡客厅(地铁站),120.91351520126017,31.039176051313547,13460030.940355375,3637837.944692986,青浦区
station:BV10538940,BV10538940,汇金路(地铁站),121.14710698245901,31.1631474319823,13486034.258488303,3653955.117325453,青浦区
station:BV10538939,BV10538939,淀山湖大道(地铁站),121.07753497518601,31.13635357917333,13478289.538066287,3650469.9403090402,青浦区
station:BV10538931,BV10538931,漕盈路(地铁站),121.09227856685102,31.162341089395497,13479930.78718267,3653850.2189384243,青浦区
station:BV09449679,BV09449679,蟠祥路·国家会计学院(地铁站),121.28168965650681,31.183409959405875,13501015.933230815,3656591.3948677722,青浦区
station:BV10538937,BV10538937,蟠龙路(地铁站),121.27420200617561,31.188356185821068,13500182.411808824,3657235.0145512586,青浦区
station:BV11592638,BV11592638,西岑(地铁站),120.9599174183715,31.072738334121354,13465196.411535168,3642199.207472959,青浦区
station:BV10538933,BV10538933,赵巷(地铁站),121.1878014604253,31.163247789463565,13490564.34705298,3653968.173051958,青浦区
station:BV09429520,BV09429520,重固(地铁站),121.18128254586138,31.19194770015822,13489838.664803298,3657702.375602455,青浦区
station:BV10538935,BV10538935,青浦新城(地铁站),121.12107283014483,31.160815240994424,13483136.149909856,3653651.7213409375,青浦区
station:BV09234158,BV09234158,青浦新城南(地铁站),121.0978553859868,31.12347309642258,13480551.595849024,3648794.8780187992,青浦区
station:BV10024601,BV10024601,上海火车站(地铁站),121.45336662901308,31.251525690839358,13520126.926388483,3665457.8045393354,静安区
station:BV10039889,BV10039889,上海马戏城(地铁站),121.44743238898876,31.281762635692182,13519466.329810824,3669395.7016199315,静安区
station:BV10028891,BV10028891,中兴路(地铁站),121.46448603702281,31.25514746464294,13521364.733225878,3665929.4183720467,静安区
station:BV10024692,BV10024692,中山北路(地铁站),121.45463434484445,31.260783561308642,13520268.047869286,3666663.365779609,静安区
station:BV10030759,BV10030759,共康路(地铁站),121.44245701887446,31.320778261617683,13518912.474143269,3674478.7532062675,静安区
station:BV10039782,BV10039782,南京西路(地铁站),121.45540601441341,31.23176040890223,13520353.949732749,3662884.3621587195,静安区
station:BV09356942,BV09356942,大宁公园(地铁站),121.43313530564217,31.27762706925539,13517874.785773072,3668857.0331824673,静安区
station:BV10039990,BV10039990,宝山路(地铁站),121.47178167751035,31.25346285448621,13522176.880209848,3665710.0524903606,静安区
station:BV10039890,BV10039890,延长路(地铁站),121.45074765918909,31.273553230469133,13519835.384001317,3668326.4280266967,静安区
station:BV10025089,BV10025089,彭浦新村(地铁站),121.44404078919501,31.30845402725456,13519088.778648864,3672872.8942489238,静安区
station:BV10039863,BV10039863,昌平路(地铁站),121.43800861423384,31.235618589661957,13518417.280003903,3663386.6555189975,静安区
station:BV10039914,BV10039914,曲阜路(地铁站),121.46701194819452,31.244237999046543,13521645.916371264,3664508.883405063,静安区
station:BV10039948,BV10039948,武定路(地铁站),121.43153659340925,31.229165054960255,13517696.817941407,3662546.486715607,静安区
station:BV10030213,BV10030213,汉中路(地铁站),121.4541294040466,31.243781922273598,13520211.838116795,3664449.500659915,静安区
station:BV10030431,BV10030431,汶水路(地铁站),121.44565488950919,31.294414796886365,13519268.4594739,3671043.825700463,静安区
station:BV10039781,BV10039781,自然博物馆(地铁站),121.45780732775418,31.2383611349092,13520621.262711043,3663743.717688381,静安区
station:BV09130531,BV09130531,虹湾路(地铁站),121.46332235172413,31.314110222539266,13521235.192371003,3673609.8755538776,静安区
station:BV10039913,BV10039913,西藏北路(地铁站),121.46427650544332,31.265367465569916,13521341.408277148,3667260.3262302717,静安区
station:BV10025485,BV10025485,静安寺(地铁站),121.44193411158318,31.225112647299024,13518854.264369879,3662018.94368835,静安区
station:BV10039784,BV10039784,一大会址·新天地(地铁站),121.47066500264978,31.218319896123607,13522052.572533006,3661134.7130693193,黄浦区
station:BV10039892,BV10039892,一大会址·黄陂南路(地铁站),121.46781210932377,31.22559471307485,13521734.98990071,3662081.69789678,黄浦区
station:BV10592246,BV10592246,世博会博物馆(地铁站),121.47709819485898,31.199552004021506,13522768.71221381,3658691.9764654506,黄浦区
station:BV10024678,BV10024678,人民广场(地铁站),121.47058935781382,31.23463206430082,13522044.151788387,3663258.2186467773,黄浦区
station:BV10039900,BV10039900,南京东路(地铁站),121.48014123145792,31.24007059757012,13523107.461498423,3663966.284236827,黄浦区
station:BV10025227,BV10025227,南浦大桥(地铁站),121.49529462517468,31.210532362827728,13524794.329570526,3660121.067163816,黄浦区
station:BV10039915,BV10039915,大世界(地铁站),121.47467742438876,31.22935088790333,13522499.233277773,3662570.6790180323,黄浦区
station:BV10030206,BV10030206,小南门(地铁站),121.49396211991318,31.218886376589207,13524645.995763358,3661208.4509207224,黄浦区
station:BV10025891,BV10025891,打浦桥(地铁站),121.4641439972319,31.20824926120278,13521326.657530528,3659823.908449329,黄浦区
station:BV10039891,BV10039891,新闸路(地铁站),121.46360958861692,31.24029683550525,13521267.16743564,3663995.739991214,黄浦区
station:BV10039783,BV10039783,淮海中路(地铁站),121.45981163294091,31.22197867160518,13520844.380943792,3661610.977780631,黄浦区
station:BV10024873,BV10024873,老西门(地铁站),121.47930495944924,31.220990024817432,13523014.368124263,3661482.283295463,黄浦区
station:BV10039916,BV10039916,西藏南路(地铁站),121.48508866210176,31.203968099945996,13523658.206958352,3659266.710200171,黄浦区
station:BV10030419,BV10030419,豫园(地铁站),121.4829499058215,31.229987426189158,13523420.121698337,3662653.545884741,黄浦区
station:BV10039882,BV10039882,陆家浜路(地铁站),121.4816356806203,31.21377522512137,13523273.822818171,3660543.156542398,黄浦区
station:BV10039785,BV10039785,马当路(地铁站),121.47274647530102,31.211481921643607,13522284.281008609,3660244.659778672,黄浦区
station:BV10039997,BV10039997,鲁班路(地铁站),121.47063236163885,31.201182066558378,13522048.93895229,3658904.118173946,黄浦区
