id,name,type,typecode,pname,cityname,adname,address,location,longitude,latitude,citycode,adcode,business_area,tel,query_polygon
BV10039797,上海汽车城(地铁站),交通设施服务;地铁站;地铁站,150500,上海市,上海市,嘉定区,11号线,"121.180742,31.285403",121.180742,31.285403,021,310114,[],021-53554630,"121.100000,31.250000|121.250000,31.400000"
BV10033820,上海赛车场(地铁站),交通设施服务;地铁站;地铁站,150500,上海市,上海市,嘉定区,11号线,"121.226098,31.331898",121.226098,31.331898,021,310114,[],[],"121.100000,31.250000|121.250000,31.400000"
BV10030508,丰庄(地铁站),交通设施服务;地铁站;地铁站,150500,上海市,上海市,嘉定区,13号线,"121.355141,31.242553",121.355141,31.242553,021,310114,[],021-63189188-530800,"121.250000,31.100000|121.400000,31.250000"
BV10039942,临洮路(地铁站),交通设施服务;地铁站;地铁站,150500,上海市,上海市,嘉定区,14号线,"121.330860,31.263059",121.330860,31.263059,021,310114,[],021-63189188-540310,"121.250000,31.250000|121.400000,31.400000"
BV10039941,乐秀路(地铁站),交通设施服务;地铁站;地铁站,150500,上海市,上海市,嘉定区,(在建)嘉闵线;14号线,"121.314103,31.265363",121.314103,31.265363,021,310114,[],021-63189188-540210,"121.250000,31.250000|121.400000,31.400000"
BV09358428,北和公路(地铁站),交通设施服务;地铁站;地铁站,150500,上海市,上海市,嘉定区,(规划)嘉闵线北延伸,"121.189591,31.430232",121.189591,31.430232,021,310114,[],[],"121.100000,31.400000|121.250000,31.550000"
BV10039799,南翔(地铁站),交通设施服务;地铁站;地铁站,150500,上海市,上海市,嘉定区,(在建)嘉闵线;11号线,"121.323141,31.296952",121.323141,31.296952,021,310114,[],021-53554630-510700,"121.250000,31.250000|121.400000,31.400000"
BV09373930,叶城路(地铁站),交通设施服务;地铁站;地铁站,150500,上海市,上海市,嘉定区,(在建)嘉闵线,"121.281517,31.375614",121.281517,31.375614,021,310114,[],[],"121.250000,31.250000|121.400000,31.400000"
BV10039960,嘉定北(地铁站),交通设施服务;地铁站;地铁站,150500,上海市,上海市,嘉定区,11号线,"121.237350,31.391549",121.237350,31.391549,021,310114,[],[],"121.100000,31.250000|121.250000,31.400000"
BV10039612,嘉定新城(地铁站),交通设施服务;地铁站;地铁站,150500,上海市,上海市,嘉定区,11号线,"121.254294,31.330062",121.254294,31.330062,021,310114,[],021-53554630-510400,"121.250000,31.250000|121.400000,31.400000"
BV09373932,嘉定新城东(地铁站),交通设施服务;地铁站;地铁站,150500,上海市,上海市,嘉定区,(在建)嘉闵线,"121.295195,31.348898",121.295195,31.348898,021,310114,[],[],"121.250000,31.250000|121.400000,31.400000"
BV10039961,嘉定西(地铁站),交通设施服务;地铁站;地铁站,150500,上海市,上海市,嘉定区,11号线,"121.227855,31.377107",121.227855,31.377107,021,310114,[],021-53554630-510200,"121.100000,31.250000|121.250000,31.400000"
BV10039943,嘉怡路(地铁站),交通设施服务;地铁站;地铁站,150500,上海市,上海市,嘉定区,14号线,"121.345697,31.259195",121.345697,31.259195,021,310114,[],021-63189188-540410,"121.250000,31.250000|121.400000,31.400000"
BV11550037,城北路(地铁站),交通设施服务;地铁站;地铁站,150500,上海市,上海市,嘉定区,(在建)嘉闵线,"121.234855,31.393592",121.234855,31.393592,021,310114,[],[],"121.100000,31.250000|121.250000,31.400000"
BV10026750,安亭(地铁站),交通设施服务;地铁站;地铁站,150500,上海市,上海市,嘉定区,11号线,"121.161985,31.288490",121.161985,31.288490,021,310114,[],021-53554630-512100,"121.100000,31.250000|121.250000,31.400000"
BV10039944,定边路(地铁站),交通设施服务;地铁站;地铁站,150500,上海市,上海市,嘉定区,14号线,"121.362396,31.256392",121.362396,31.256392,021,310114,[],021-63189188-540510,"121.250000,31.250000|121.400000,31.400000"
BV09358429,宝钱公路(地铁站),交通设施服务;地铁站;地铁站,150500,上海市,上海市,嘉定区,(规划)嘉闵线北延伸,"121.199925,31.416080",121.199925,31.416080,021,310114,[],[],"121.100000,31.400000|121.250000,31.550000"
BV10026179,封浜(地铁站),交通设施服务;地铁站;地铁站,150500,上海市,上海市,嘉定区,14号线,"121.297006,31.267488",121.297006,31.267488,021,310114,[],021-63189188-540110,"121.250000,31.250000|121.400000,31.400000"
BV11550033,新成路(地铁站),交通设施服务;地铁站;地铁站,150500,上海市,上海市,嘉定区,(在建)嘉闵线,"121.265937,31.403740",121.265937,31.403740,021,310114,[],[],"121.250000,31.400000|121.400000,31.550000"
BV10039798,昌吉东路(地铁站),交通设施服务;地铁站;地铁站,150500,上海市,上海市,嘉定区,11号线,"121.200384,31.293620",121.200384,31.293620,021,310114,[],021-64370000,"121.100000,31.250000|121.250000,31.400000"
BV09358430,汇旺路(地铁站),交通设施服务;地铁站;地铁站,150500,上海市,上海市,嘉定区,(规划)嘉闵线北延伸,"121.210755,31.403057",121.210755,31.403057,021,310114,[],[],"121.100000,31.400000|121.250000,31.550000"
BV10039962,白银路(地铁站),交通设施服务;地铁站;地铁站,150500,上海市,上海市,嘉定区,11号线,"121.245350,31.345359",121.245350,31.345359,021,310114,[],021-53554630-510300,"121.100000,31.250000|121.250000,31.400000"
BV10039945,真新新村(地铁站),交通设施服务;地铁站;地铁站,150500,上海市,上海市,嘉定区,14号线,"121.371949,31.255566",121.371949,31.255566,021,310114,[],021-63189188-540610,"121.250000,31.250000|121.400000,31.400000"
BV10039811,金沙江西路(地铁站),交通设施服务;地铁站;地铁站,150500,上海市,上海市,嘉定区,13号线,"121.335156,31.241152",121.335156,31.241152,021,310114,[],021-63189188-530700,"121.250000,31.100000|121.400000,31.250000"
BV10039812,金运路(地铁站),交通设施服务;地铁站;地铁站,150500,上海市,上海市,嘉定区,(在建)13号线西延伸;(在建)嘉闵线;13号线,"121.319308,31.240986",121.319308,31.240986,021,310114,[],021-63189188-530600,"121.250000,31.100000|121.400000,31.250000"
BV11277021,陈翔公路(地铁站),交通设施服务;地铁站;地铁站,150500,上海市,上海市,嘉定区,11号线,"121.306787,31.306484",121.306787,31.306484,021,310114,[],021-53554630,"121.250000,31.250000|121.400000,31.400000"
BV10031076,马陆(地铁站),交通设施服务;地铁站;地铁站,150500,上海市,上海市,嘉定区,11号线,"121.276906,31.319675",121.276906,31.319675,021,310114,[],021-53554630-510500,"121.250000,31.250000|121.400000,31.400000"
BV09159961,东方美谷大道(地铁站),交通设施服务;地铁站;地铁站,150500,上海市,上海市,奉贤区,(在建)15号线南延,"121.476996,30.948309",121.476996,30.948309,021,310120,[],[],"121.400000,30.800000|121.550000,30.950000"
BV09305185,四团(地铁站),交通设施服务;地铁站;地铁站,150500,上海市,上海市,奉贤区,(在建)南枫线,"121.744908,30.889234",121.744908,30.889234,021,310120,[],[],"121.700000,30.800000|121.850000,30.950000"
BV09305187,奉城(地铁站),交通设施服务;地铁站;地铁站,150500,上海市,上海市,奉贤区,(在建)南枫线,"121.641932,30.925175",121.641932,30.925175,021,310120,[],[],"121.550000,30.800000|121.700000,30.950000"
BV10717294,奉浦大道(地铁站),交通设施服务;地铁站;地铁站,150500,上海市,上海市,奉贤区,5号线,"121.448984,30.942055",121.448984,30.942055,021,310120,[],[],"121.400000,30.800000|121.550000,30.950000"
BV10717296,奉贤新城(地铁站),交通设施服务;地铁站;地铁站,150500,上海市,上海市,奉贤区,5号线,"121.496290,30.913916",121.496290,30.913916,021,310120,[],021-63189188-655700,"121.400000,30.800000|121.550000,30.950000"
BV10717291,望园路(地铁站),交通设施服务;地铁站;地铁站,150500,上海市,上海市,奉贤区,(在建)15号线南延;(在建)南枫线;5号线,"121.483528,30.932509",121.483528,30.932509,021,310120,[],021-63189188-655500,"121.400000,30.800000|121.550000,30.950000"
BV09332362,汇丰北路(地铁站),交通设施服务;地铁站;地铁站,150500,上海市,上海市,奉贤区,(在建)15号线南延,"121.470246,30.969609",121.470246,30.969609,021,310120,[],[],"121.400000,30.950000|121.550000,31.100000"
BV10717295,环城东路(地铁站),交通设施服务;地铁站;地铁站,150500,上海市,上海市,奉贤区,5号线,"121.463204,30.931168",121.463204,30.931168,021,310120,[],021-63189188-655400,"121.400000,30.800000|121.550000,30.950000"
BV09305190,环城西路(地铁站),交通设施服务;地铁站;地铁站,150500,上海市,上海市,奉贤区,(在建)南枫线,"121.439645,30.924284",121.439645,30.924284,021,310120,[],[],"121.400000,30.800000|121.550000,30.950000"
BV10717297,萧塘(地铁站),交通设施服务;地铁站;地铁站,150500,上海市,上海市,奉贤区,5号线,"121.441857,30.965888",121.441857,30.965888,021,310120,[],021-63189188-655200,"121.400000,30.950000|121.550000,31.100000"
BV10717290,西渡(地铁站),交通设施服务;地铁站;地铁站,150500,上海市,上海市,奉贤区,5号线,"121.432441,30.989350",121.432441,30.989350,021,310120,[],[],"121.400000,30.950000|121.550000,31.100000"
BV09159963,西闸公路(地铁站),交通设施服务;地铁站;地铁站,150500,上海市,上海市,奉贤区,(在建)15号线南延,"121.461691,31.000872",121.461691,31.000872,021,310120,[],[],"121.400000,30.950000|121.550000,31.100000"
BV09305188,金大公路(地铁站),交通设施服务;地铁站;地铁站,150500,上海市,上海市,奉贤区,(在建)南枫线,"121.515655,30.948548",121.515655,30.948548,021,310120,[],[],"121.400000,30.800000|121.550000,30.950000"
BV10717289,金海湖(地铁站),交通设施服务;地铁站;地铁站,150500,上海市,上海市,奉贤区,5号线,"121.492506,30.928805",121.492506,30.928805,021,310120,[],021-63189188-655600,"121.400000,30.800000|121.550000,30.950000"
BV09305186,青村(地铁站),交通设施服务;地铁站;地铁站,150500,上海市,上海市,奉贤区,(在建)南枫线,"121.584190,30.930118",121.584190,30.930118,021,310120,[],[],"121.550000,30.800000|121.700000,30.950000"
BV11581688,一二八纪念路(地铁站),交通设施服务;地铁站;地铁站,150500,上海市,上海市,宝山区,(在建)19号线,"121.467314,31.328874",121.467314,31.328874,021,310113,[],[],"121.400000,31.250000|121.550000,31.400000"
BV10039870,上大路(地铁站),交通设施服务;地铁站;地铁站,150500,上海市,上海市,宝山区,7号线,"121.408686,31.314969",121.408686,31.314969,021,310113,[],021-63189188-670901,"121.400000,31.250000|121.550000,31.400000"
BV10024672,上海大学(地铁站),交通设施服务;地铁站;地铁站,150500,上海市,上海市,宝山区,7号线,"121.388884,31.320586",121.388884,31.320586,021,310113,[],021-63189188-670701,"121.250000,31.250000|121.400000,31.400000"
BV09356946,上海宝山站(地铁站),交通设施服务;地铁站;地铁站,150500,上海市,上海市,宝山区,(在建)19号线,"121.446310,31.404213",121.446310,31.404213,021,310113,[],[],"121.400000,31.400000|121.550000,31.550000"
BV10820982,丰翔路(地铁站),交通设施服务;地铁站;地铁站,150500,上海市,上海市,宝山区,15号线,"121.380872,31.308218",121.380872,31.308218,021,310113,[],021-63189188-552800,"121.250000,31.250000|121.400000,31.400000"
BV09149111,兰岗路(地铁站),交通设施服务;地铁站;地铁站,150500,上海市,上海市,宝山区,(在建)19号线,"121.461015,31.377655",121.461015,31.377655,021,310113,[],[],"121.400000,31.250000|121.550000,31.400000"
BV10039888,共富新村(地铁站),交通设施服务;地铁站;地铁站,150500,上海市,上海市,宝山区,1号线,"121.434063,31.355082",121.434063,31.355082,021,310113,[],[],"121.400000,31.250000|121.550000,31.400000"
BV10026230,刘行(地铁站),交通设施服务;地铁站;地铁站,150500,上海市,上海市,宝山区,7号线,"121.362376,31.357586",121.362376,31.357586,021,310113,[],021-63189188-670401,"121.250000,31.250000|121.400000,31.400000"
BV10820970,南大路(地铁站),交通设施服务;地铁站;地铁站,150500,上海市,上海市,宝山区,15号线,"121.380346,31.299263",121.380346,31.299263,021,310113,[],021-63189188-552700,"121.250000,31.250000|121.400000,31.400000"
BV10030226,南陈路(地铁站),交通设施服务;地铁站;地铁站,150500,上海市,上海市,宝山区,7号线,"121.398419,31.321740",121.398419,31.321740,021,310113,[],021-63189188-670801,"121.250000,31.250000|121.400000,31.400000"
BV10039886,友谊西路(地铁站),交通设施服务;地铁站;地铁站,150500,上海市,上海市,宝山区,1号线,"121.427953,31.381296",121.427953,31.381296,021,310113,[],021-64370000,"121.400000,31.250000|121.550000,31.400000"
BV10039983,友谊路(地铁站),交通设施服务;地铁站;地铁站,150500,上海市,上海市,宝山区,3号线,"121.475924,31.404016",121.475924,31.404016,021,310113,[],021-63189188-631270,"121.400000,31.400000|121.550000,31.550000"
BV10029799,呼兰路(地铁站),交通设施服务;地铁站;地铁站,150500,上海市,上海市,宝山区,18号线;1号线,"121.437711,31.339703",121.437711,31.339703,021,310113,[],021-64370000,"121.400000,31.250000|121.550000,31.400000"
BV09356945,呼玛东路(地铁站),交通设施服务;地铁站;地铁站,150500,上海市,上海市,宝山区,(在建)19号线,"121.464473,31.343425",121.464473,31.343425,021,310113,[],[],"121.400000,31.250000|121.550000,31.400000"
BV10039869,场中路(地铁站),交通设施服务;地铁站;地铁站,150500,上海市,上海市,宝山区,7号线,"121.413458,31.303682",121.413458,31.303682,021,310113,[],021-63189188-671001,"121.400000,31.250000|121.550000,31.400000"
BV10039867,大华三路(地铁站),交通设施服务;地铁站;地铁站,150500,上海市,上海市,宝山区,7号线,"121.422949,31.274047",121.422949,31.274047,021,310113,[],021-63189188-671301,"121.400000,31.250000|121.550000,31.400000"
BV10030231,大场镇(地铁站),交通设施服务;地铁站;地铁站,150500,上海市,上海市,宝山区,7号线,"121.416157,31.293259",121.416157,31.293259,021,310113,[],021-63189188-671101,"121.400000,31.250000|121.550000,31.400000"
BV10039887,宝安公路(地铁站),交通设施服务;地铁站;地铁站,150500,上海市,上海市,宝山区,1号线,"121.430914,31.369555",121.430914,31.369555,021,310113,[],021-64370000,"121.400000,31.250000|121.550000,31.400000"
BV10026163,宝杨路(地铁站),交通设施服务;地铁站;地铁站,150500,上海市,上海市,宝山区,3号线,"121.479574,31.395315",121.479574,31.395315,021,310113,[],021-63189188-631260,"121.400000,31.250000|121.550000,31.400000"
BV10039885,富锦路(地铁站),交通设施服务;地铁站;地铁站,150500,上海市,上海市,宝山区,1号线,"121.424661,31.392260",121.424661,31.392260,021,310113,[],021-64370000,"121.400000,31.250000|121.550000,31.400000"
BV09336070,康文路(地铁站),交通设施服务;地铁站;地铁站,150500,上海市,上海市,宝山区,18号线,"121.419328,31.335319",121.419328,31.335319,021,310113,[],021-64370000,"121.400000,31.250000|121.550000,31.400000"
BV10029541,张华浜(地铁站),交通设施服务;地铁站;地铁站,150500,上海市,上海市,宝山区,3号线,"121.498671,31.358016",121.498671,31.358016,021,310113,[],021-63189188-631230,"121.400000,31.250000|121.550000,31.400000"
BV10039987,殷高西路(地铁站),交通设施服务;地铁站;地铁站,150500,上海市,上海市,宝山区,3号线,"121.484856,31.320005",121.484856,31.320005,021,310113,[],021-63189188-632100,"121.400000,31.250000|121.550000,31.400000"
BV11639105,殷高路(地铁站),交通设施服务;地铁站;地铁站,150500,上海市,上海市,宝山区,18号线,"121.495560,31.321705",121.495560,31.321705,021,310113,[],021-63189188-582518,"121.400000,31.250000|121.550000,31.400000"
BV10039984,水产路(地铁站),交通设施服务;地铁站;地铁站,150500,上海市,上海市,宝山区,3号线,"121.488247,31.381302",121.488247,31.381302,021,310113,[],021-63189188-631250,"121.400000,31.250000|121.550000,31.400000"
BV10039981,江杨北路(地铁站),交通设施服务;地铁站;地铁站,150500,上海市,上海市,宝山区,3号线,"121.439819,31.407858",121.439819,31.407858,021,310113,[],021-64370000,"121.400000,31.400000|121.550000,31.550000"
BV11184133,江杨南路(地铁站),交通设施服务;地铁站;地铁站,150500,上海市,上海市,宝山区,(在建)19号线;18号线,"121.465313,31.349903",121.465313,31.349903,021,310113,[],[],"121.400000,31.250000|121.550000,31.400000"
BV09024031,泰和路(地铁站),交通设施服务;地铁站;地铁站,150500,上海市,上海市,宝山区,(在建)19号线,"121.467681,31.362976",121.467681,31.362976,021,310113,[],[],"121.400000,31.250000|121.550000,31.400000"
BV10039985,淞发路(地铁站),交通设施服务;地铁站;地铁站,150500,上海市,上海市,宝山区,3号线,"121.500390,31.345135",121.500390,31.345135,021,310113,[],021-63189188-631220,"121.400000,31.250000|121.550000,31.400000"
BV10026162,淞滨路(地铁站),交通设施服务;地铁站;地铁站,150500,上海市,上海市,宝山区,3号线,"121.492818,31.370928",121.492818,31.370928,021,310113,[],021-63189188-631240,"121.400000,31.250000|121.550000,31.400000"
BV10039871,潘广路(地铁站),交通设施服务;地铁站;地铁站,150500,上海市,上海市,宝山区,7号线,"121.355845,31.364182",121.355845,31.364182,021,310113,[],021-63189188-670301,"121.250000,31.250000|121.400000,31.400000"
BV11508870,爱辉路(地铁站),交通设施服务;地铁站;地铁站,150500,上海市,上海市,宝山区,18号线,"121.449331,31.344152",121.449331,31.344152,021,310113,[],021-64370000,"121.400000,31.250000|121.550000,31.400000"
BV10030597,祁华路(地铁站),交通设施服务;地铁站;地铁站,150500,上海市,上海市,宝山区,7号线,"121.373529,31.322388",121.373529,31.322388,021,310113,[],021-63189188-670601,"121.250000,31.250000|121.400000,31.400000"
BV10032414,罗南新村(地铁站),交通设施服务;地铁站;地铁站,150500,上海市,上海市,宝山区,7号线,"121.357470,31.388831",121.357470,31.388831,021,310113,[],021-63189188-670201,"121.250000,31.250000|121.400000,31.400000"
BV10039872,美兰湖(地铁站),交通设施服务;地铁站;地铁站,150500,上海市,上海市,宝山区,7号线,"121.349894,31.401889",121.349894,31.401889,021,310113,[],021-63189188-670101,"121.250000,31.400000|121.400000,31.550000"
BV10039868,行知路(地铁站),交通设施服务;地铁站;地铁站,150500,上海市,上海市,宝山区,7号线,"121.421770,31.284496",121.421770,31.284496,021,310113,[],021-63189188-671200,"121.400000,31.250000|121.550000,31.400000"
BV10878602,通南路(地铁站),交通设施服务;地铁站;地铁站,150500,上海市,上海市,宝山区,18号线,"121.479637,31.337677",121.479637,31.337677,021,310113,[],021-64370000,"121.400000,31.250000|121.550000,31.400000"
BV10031109,通河新村(地铁站),交通设施服务;地铁站;地铁站,150500,上海市,上海市,宝山区,1号线,"121.441546,31.331130",121.441546,31.331130,021,310113,[],[],"121.400000,31.250000|121.550000,31.400000"
BV10039982,铁力路(地铁站),交通设施服务;地铁站;地铁站,150500,上海市,上海市,宝山区,3号线,"121.461139,31.408120",121.461139,31.408120,021,310113,[],021-63189188-631280,"121.400000,31.400000|121.550000,31.550000"
BV11581695,铁山路(地铁站),交通设施服务;地铁站;地铁站,150500,上海市,上海市,宝山区,(在建)19号线,"121.455189,31.386255",121.455189,31.386255,021,310113,[],[],"121.400000,31.250000|121.550000,31.400000"
BV09149112,铁通路(地铁站),交通设施服务;地铁站;地铁站,150500,上海市,上海市,宝山区,(在建)19号线,"121.452425,31.391970",121.452425,31.391970,021,310113,[],[],"121.400000,31.250000|121.550000,31.400000"
BV10820985,锦秋路(地铁站),交通设施服务;地铁站;地铁站,150500,上海市,上海市,宝山区,15号线,"121.381765,31.320184",121.381765,31.320184,021,310113,[],021-63189188-552900,"121.250000,31.250000|121.400000,31.400000"
BV10039986,长江南路(地铁站),交通设施服务;地铁站;地铁站,150500,上海市,上海市,宝山区,18号线;3号线,"121.491482,31.332062",121.491482,31.332062,021,310113,[],021-63189188-582618,"121.400000,31.250000|121.550000,31.400000"
BV11498461,长江西路(地铁站),交通设施服务;地铁站;地铁站,150500,上海市,上海市,宝山区,18号线,"121.475095,31.346136",121.475095,31.346136,021,310113,[],021-64370000,"121.400000,31.250000|121.550000,31.400000"
BV10026233,顾村公园(地铁站),交通设施服务;地铁站;地铁站,150500,上海市,上海市,宝山区,15号线;7号线,"121.373009,31.344594",121.373009,31.344594,021,310113,[],"021-63189188-670501,021-63189188-553000","121.250000,31.250000|121.400000,31.400000"
BV09084531,东滩(地铁站),交通设施服务;地铁站;地铁站,150500,上海市,上海市,崇明区,(在建)22号线二期,"121.856238,31.500494",121.856238,31.500494,021,310151,[],[],"121.850000,31.400000|122.000000,31.550000"
BV09084532,裕安(地铁站),交通设施服务;地铁站;地铁站,150500,上海市,上海市,崇明区,(在建)22号线二期,"121.861724,31.524445",121.861724,31.524445,021,310151,[],[],"121.850000,31.400000|122.000000,31.550000"
BV11494926,长兴岛(地铁站),交通设施服务;地铁站;地铁站,150500,上海市,上海市,崇明区,(在建)22号线一期;(在建)22号线二期,"121.721227,31.389270",121.721227,31.389270,021,310151,[],[],"121.700000,31.250000|121.850000,31.400000"
BV09084533,陈家镇(地铁站),交通设施服务;地铁站;地铁站,150500,上海市,上海市,崇明区,(在建)22号线二期,"121.793105,31.490562",121.793105,31.490562,021,310151,[],[],"121.700000,31.400000|121.850000,31.550000"
BV10024951,上海体育场(地铁站),交通设施服务;地铁站;地铁站,150500,上海市,上海市,徐汇区,(在建)23号线;4号线,"121.443529,31.185605",121.443529,31.185605,021,310104,[],021-26031000,"121.400000,31.100000|121.550000,31.250000"
BV10026004,上海体育馆(地铁站),交通设施服务;地铁站;地铁站,150500,上海市,上海市,徐汇区,1号线;4号线,"121.437423,31.182813",121.437423,31.182813,021,310104,[],021-63189188-610700,"121.400000,31.100000|121.550000,31.250000"
BV10025073,上海南站(地铁站),交通设施服务;地铁站;地铁站,150500,上海市,上海市,徐汇区,15号线;1号线;3号线,"121.430041,31.154579",121.430041,31.154579,021,310104,[],"021-63189188-610500,021-63189188,021-63189188-552100","121.400000,31.100000|121.550000,31.250000"
BV10039973,上海图书馆(地铁站),交通设施服务;地铁站;地铁站,150500,上海市,上海市,徐汇区,10号线,"121.444363,31.207960",121.444363,31.207960,021,310104,[],021-63189188-501121,"121.400000,31.100000|121.550000,31.250000"
BV11471655,上海植物园(地铁站),交通设施服务;地铁站;地铁站,150500,上海市,上海市,徐汇区,(在建)23号线,"121.450427,31.149045",121.450427,31.149045,021,310104,[],[],"121.400000,31.100000|121.550000,31.250000"
BV10024941,上海游泳馆(地铁站),交通设施服务;地铁站;地铁站,150500,上海市,上海市,徐汇区,11号线,"121.441424,31.179123",121.441424,31.179123,021,310104,[],021-53554630-512400,"121.400000,31.100000|121.550000,31.250000"
BV10039860,东安路(地铁站),交通设施服务;地铁站;地铁站,150500,上海市,上海市,徐汇区,4号线;7号线,"121.454897,31.190819",121.454897,31.190819,021,310104,[],021-63189188-672200,"121.400000,31.100000|121.550000,31.250000"
BV10039806,云锦路(地铁站),交通设施服务;地铁站;地铁站,150500,上海市,上海市,徐汇区,11号线,"121.458519,31.166488",121.458519,31.166488,021,310104,[],"021-64370000,021-63189188-512600","121.400000,31.100000|121.550000,31.250000"
BV10025307,交通大学(地铁站),交通设施服务;地铁站;地铁站,150500,上海市,上海市,徐汇区,10号线;11号线,"121.435253,31.202213",121.435253,31.202213,021,310104,[],021-63189188-501021,"121.400000,31.100000|121.550000,31.250000"
BV10820973,华东理工大学(地铁站),交通设施服务;地铁站;地铁站,150500,上海市,上海市,徐汇区,15号线,"121.428990,31.144257",121.428990,31.144257,021,310104,[],021-63189188-551100,"121.400000,31.100000|121.550000,31.250000"
BV11471657,华泾路(地铁站),交通设施服务;地铁站;地铁站,150500,上海市,上海市,徐汇区,(在建)19号线;(在建)23号线,"121.456878,31.119980",121.456878,31.119980,021,310104,[],[],"121.400000,31.100000|121.550000,31.250000"
BV10039881,嘉善路(地铁站),交通设施服务;地铁站;地铁站,150500,上海市,上海市,徐汇区,12号线;9号线,"121.460704,31.202820",121.460704,31.202820,021,310104,[],"021-64370000,021-63189188","121.400000,31.100000|121.550000,31.250000"
BV10039940,大木桥路(地铁站),交通设施服务;地铁站;地铁站,150500,上海市,上海市,徐汇区,12号线;4号线,"121.463278,31.194057",121.463278,31.194057,021,310104,[],[],"121.400000,31.100000|121.550000,31.250000"
BV10039880,宜山路(地铁站),交通设施服务;地铁站;地铁站,150500,上海市,上海市,徐汇区,3号线;4号线;9号线,"121.427194,31.186717",121.427194,31.186717,021,310104,[],021-64370000,"121.400000,31.100000|121.550000,31.250000"
BV10039862,常熟路(地铁站),交通设施服务;地铁站;地铁站,150500,上海市,上海市,徐汇区,1号线;7号线,"121.449141,31.213524",121.449141,31.213524,021,310104,[],"021-63189188-672000,021-64370000","121.400000,31.100000|121.550000,31.250000"
BV10029707,徐家汇(地铁站),交通设施服务;地铁站;地铁站,150500,上海市,上海市,徐汇区,11号线;1号线;9号线,"121.436603,31.195514",121.436603,31.195514,021,310104,[],021-63189188,"121.400000,31.100000|121.550000,31.250000"
BV11471653,徐浦大桥(地铁站),交通设施服务;地铁站;地铁站,150500,上海市,上海市,徐汇区,(在建)23号线,"121.455953,31.127171",121.455953,31.127171,021,310104,[],[],"121.400000,31.100000|121.550000,31.250000"
BV11471651,景联路(地铁站),交通设施服务;地铁站;地铁站,150500,上海市,上海市,徐汇区,(在建)23号线,"121.454508,31.101367",121.454508,31.101367,021,310104,[],[],"121.400000,31.100000|121.550000,31.250000"
BV10820984,朱梅路(地铁站),交通设施服务;地铁站;地铁站,150500,上海市,上海市,徐汇区,15号线,"121.437804,31.124364",121.437804,31.124364,021,310104,[],021-63189188-550900,"121.400000,31.100000|121.550000,31.250000"
BV10024842,桂林公园(地铁站),交通设施服务;地铁站;地铁站,150500,上海市,上海市,徐汇区,12号线;15号线,"121.419647,31.166985",121.419647,31.166985,021,310104,[],"021-63189188-522600,021-63189188-551300","121.400000,31.100000|121.550000,31.250000"
BV10039879,桂林路(地铁站),交通设施服务;地铁站;地铁站,150500,上海市,上海市,徐汇区,15号线;9号线,"121.418064,31.174791",121.418064,31.174791,021,310104,[],021-63189188-551400,"121.400000,31.100000|121.550000,31.250000"
BV10026584,漕宝路(地铁站),交通设施服务;地铁站;地铁站,150500,上海市,上海市,徐汇区,12号线;1号线,"121.433143,31.168344",121.433143,31.168344,021,310104,[],021-63189188-522510,"121.400000,31.100000|121.550000,31.250000"
BV10025213,漕河泾开发区(地铁站),交通设施服务;地铁站;地铁站,150500,上海市,上海市,徐汇区,9号线,"121.397769,31.170644",121.397769,31.170644,021,310104,[],021-64370000,"121.250000,31.100000|121.400000,31.250000"
BV10039993,漕溪路(地铁站),交通设施服务;地铁站;地铁站,150500,上海市,上海市,徐汇区,3号线,"121.438410,31.176746",121.438410,31.176746,021,310104,[],[],"121.400000,31.100000|121.550000,31.250000"
BV10039994,石龙路(地铁站),交通设施服务;地铁站;地铁站,150500,上海市,上海市,徐汇区,3号线,"121.443205,31.157949",121.443205,31.157949,021,310104,[],021-64370000,"121.400000,31.100000|121.550000,31.250000"
BV10820976,罗秀路(地铁站),交通设施服务;地铁站;地铁站,150500,上海市,上海市,徐汇区,15号线,"121.435806,31.131552",121.435806,31.131552,021,310104,[],021-63189188-551000,"121.400000,31.100000|121.550000,31.250000"
BV10039861,肇嘉浜路(地铁站),交通设施服务;地铁站;地铁站,150500,上海市,上海市,徐汇区,7号线;9号线,"121.450212,31.199436",121.450212,31.199436,021,310104,[],021-63189188-672100,"121.400000,31.100000|121.550000,31.250000"
BV10039937,虹梅路(地铁站),交通设施服务;地铁站;地铁站,150500,上海市,上海市,徐汇区,12号线,"121.397250,31.160350",121.397250,31.160350,021,310104,[],021-63189188-522800,"121.250000,31.100000|121.400000,31.250000"
BV10607588,虹漕路(地铁站),交通设施服务;地铁站;地铁站,150500,上海市,上海市,徐汇区,12号线,"121.410553,31.164033",121.410553,31.164033,021,310104,[],021-63189188-522710,"121.400000,31.100000|121.550000,31.250000"
BV10039894,衡山路(地铁站),交通设施服务;地铁站;地铁站,150500,上海市,上海市,徐汇区,1号线,"121.446424,31.204528",121.446424,31.204528,021,310104,[],021-64370000,"121.400000,31.100000|121.550000,31.250000"
BV10026582,锦江乐园(地铁站),交通设施服务;地铁站;地铁站,150500,上海市,上海市,徐汇区,1号线,"121.414107,31.142217",121.414107,31.142217,021,310104,[],021-64370000,"121.400000,31.100000|121.550000,31.250000"
BV10039893,陕西南路(地铁站),交通设施服务;地铁站;地铁站,150500,上海市,上海市,徐汇区,10号线;12号线;1号线,"121.458744,31.215150",121.458744,31.215150,021,310104,[],021-63189188-611100,"121.400000,31.100000|121.550000,31.250000"
BV10024943,龙华(地铁站),交通设施服务;地铁站;地铁站,150500,上海市,上海市,徐汇区,11号线;12号线,"121.452958,31.172672",121.452958,31.172672,021,310104,[],"021-63189188-512500,021-63189188-522300","121.400000,31.100000|121.550000,31.250000"
BV10039859,龙华中路(地铁站),交通设施服务;地铁站;地铁站,150500,上海市,上海市,徐汇区,12号线;7号线,"121.457064,31.184379",121.457064,31.184379,021,310104,[],021-63189188-672300,"121.400000,31.100000|121.550000,31.250000"
BV11471650,龙启路(地铁站),交通设施服务;地铁站;地铁站,150500,上海市,上海市,徐汇区,(在建)23号线,"121.449263,31.158626",121.449263,31.158626,021,310104,[],[],"121.400000,31.100000|121.550000,31.250000"
BV11471656,龙吴路(地铁站),交通设施服务;地铁站;地铁站,150500,上海市,上海市,徐汇区,(在建)23号线,"121.452936,31.136172",121.452936,31.136172,021,310104,[],[],"121.400000,31.100000|121.550000,31.250000"
BV10039938,龙漕路(地铁站),交通设施服务;地铁站;地铁站,150500,上海市,上海市,徐汇区,(在建)23号线;12号线;3号线,"121.444383,31.169458",121.444383,31.169458,021,310104,[],021-63189188-522400,"121.400000,31.100000|121.550000,31.250000"
BV10039807,龙耀路(地铁站),交通设施服务;地铁站;地铁站,150500,上海市,上海市,徐汇区,11号线,"121.459702,31.159720",121.459702,31.159720,021,310104,[],"021-64370000,021-53554630-512700","121.400000,31.100000|121.550000,31.250000"
BV10024610,上海西站(地铁站),交通设施服务;地铁站;地铁站,150500,上海市,上海市,普陀区,(在建)20号线一期西段;11号线;15号线,"121.401407,31.262976",121.401407,31.262976,021,310107,[],021-53554630-511200,"121.400000,31.250000|121.550000,31.400000"
BV10039947,中宁路(地铁站),交通设施服务;地铁站;地铁站,150500,上海市,上海市,普陀区,14号线,"121.414536,31.245049",121.414536,31.245049,021,310107,[],021-63189188-541010,"121.400000,31.100000|121.550000,31.250000"
BV10039991,中潭路(地铁站),交通设施服务;地铁站;地铁站,150500,上海市,上海市,普陀区,3号线;4号线,"121.441001,31.254568",121.441001,31.254568,021,310107,[],021-26031000-631120,"121.400000,31.250000|121.550000,31.400000"
BV09356941,交通路(地铁站),交通设施服务;地铁站;地铁站,150500,上海市,上海市,普陀区,(在建)20号线一期西段,"121.383813,31.267567",121.383813,31.267567,021,310107,[],[],"121.250000,31.250000|121.400000,31.400000"
BV10820983,古浪路(地铁站),交通设施服务;地铁站;地铁站,150500,上海市,上海市,普陀区,15号线,"121.392217,31.284509",121.392217,31.284509,021,310107,[],021-63189188-552500,"121.250000,31.250000|121.400000,31.400000"
BV10039808,大渡河路(地铁站),交通设施服务;地铁站;地铁站,150500,上海市,上海市,普陀区,13号线;15号线,"121.394431,31.231752",121.394431,31.231752,021,310107,[],"021-63189188-531100,021-63189188-552000","121.250000,31.100000|121.400000,31.250000"
BV10039865,岚皋路(地铁站),交通设施服务;地铁站;地铁站,150500,上海市,上海市,普陀区,7号线,"121.421939,31.256198",121.421939,31.256198,021,310107,[],021-63189188-671501,"121.400000,31.250000|121.550000,31.400000"
BV11653227,平利路(地铁站),交通设施服务;地铁站;地铁站,150500,上海市,上海市,普陀区,(在建)20号线一期西段,"121.430788,31.269463",121.430788,31.269463,021,310107,[],[],"121.400000,31.250000|121.550000,31.400000"
BV10039866,新村路(地铁站),交通设施服务;地铁站;地铁站,150500,上海市,上海市,普陀区,(在建)20号线一期西段;7号线,"121.422668,31.263855",121.422668,31.263855,021,310107,[],021-63189188-671401,"121.400000,31.250000|121.550000,31.400000"
BV10039804,曹杨路(地铁站),交通设施服务;地铁站;地铁站,150500,上海市,上海市,普陀区,11号线;14号线;3号线;4号线,"121.417701,31.239302",121.417701,31.239302,021,310107,[],"021-53554630-511500,021-63189188-541110","121.400000,31.100000|121.550000,31.250000"
BV10039801,李子园(地铁站),交通设施服务;地铁站;地铁站,150500,上海市,上海市,普陀区,11号线,"121.389969,31.269020",121.389969,31.269020,021,310107,[],021-53554630-511100,"121.250000,31.250000|121.400000,31.400000"
BV10039803,枫桥路(地铁站),交通设施服务;地铁站;地铁站,150500,上海市,上海市,普陀区,11号线,"121.411402,31.241850",121.411402,31.241850,021,310107,[],021-53554630-511400,"121.400000,31.100000|121.550000,31.250000"
BV10025258,桃浦新村(地铁站),交通设施服务;地铁站;地铁站,150500,上海市,上海市,普陀区,11号线,"121.349623,31.281603",121.349623,31.281603,021,310107,[],021-53554630-510800,"121.250000,31.250000|121.400000,31.400000"
BV10820987,梅岭北路(地铁站),交通设施服务;地铁站;地铁站,150500,上海市,上海市,普陀区,15号线,"121.396997,31.243301",121.396997,31.243301,021,310107,[],021-63189188-552100,"121.250000,31.100000|121.400000,31.250000"
BV10820971,武威东路(地铁站),交通设施服务;地铁站;地铁站,150500,上海市,上海市,普陀区,15号线,"121.392094,31.275647",121.392094,31.275647,021,310107,[],021-63189188-552400,"121.250000,31.250000|121.400000,31.400000"
BV10039800,武威路(地铁站),交通设施服务;地铁站;地铁站,150500,上海市,上海市,普陀区,11号线,"121.364678,31.276646",121.364678,31.276646,021,310107,[],021-53554630-510900,"121.250000,31.250000|121.400000,31.400000"
BV10039778,武宁路(地铁站),交通设施服务;地铁站;地铁站,150500,上海市,上海市,普陀区,13号线;14号线,"121.430504,31.234346",121.430504,31.234346,021,310107,[],021-63189188-541210,"121.400000,31.100000|121.550000,31.250000"
BV10039780,江宁路(地铁站),交通设施服务;地铁站;地铁站,150500,上海市,上海市,普陀区,13号线,"121.444830,31.244282",121.444830,31.244282,021,310107,[],021-63189188-531600,"121.400000,31.100000|121.550000,31.250000"
BV10030032,真光路(地铁站),交通设施服务;地铁站;地铁站,150500,上海市,上海市,普陀区,14号线,"121.384162,31.253278",121.384162,31.253278,021,310107,[],021-63189188-540710,"121.250000,31.250000|121.400000,31.400000"
BV10039809,真北路(地铁站),交通设施服务;地铁站;地铁站,150500,上海市,上海市,普陀区,13号线,"121.381948,31.232235",121.381948,31.232235,021,310107,[],[],"121.250000,31.100000|121.400000,31.250000"
BV09356943,真华路(地铁站),交通设施服务;地铁站;地铁站,150500,上海市,上海市,普陀区,(在建)20号线一期西段,"121.412752,31.261481",121.412752,31.261481,021,310107,[],[],"121.400000,31.250000|121.550000,31.400000"
BV10039802,真如(地铁站),交通设施服务;地铁站;地铁站,150500,上海市,上海市,普陀区,11号线;14号线,"121.407219,31.250767",121.407219,31.250767,021,310107,[],021-63189188-540910,"121.400000,31.250000|121.550000,31.400000"
BV10820986,祁安路(地铁站),交通设施服务;地铁站;地铁站,150500,上海市,上海市,普陀区,15号线,"121.384813,31.291558",121.384813,31.291558,021,310107,[],021-63189188-552600,"121.250000,31.250000|121.400000,31.400000"
BV10039810,祁连山南路(地铁站),交通设施服务;地铁站;地铁站,150500,上海市,上海市,普陀区,13号线,"121.367275,31.237625",121.367275,31.237625,021,310107,[],021-63189188-530900,"121.250000,31.100000|121.400000,31.250000"
BV10030224,祁连山路(地铁站),交通设施服务;地铁站;地铁站,150500,上海市,上海市,普陀区,11号线,"121.376035,31.271650",121.376035,31.271650,021,310107,[],021-53554630-511000,"121.250000,31.250000|121.400000,31.400000"
BV10039776,金沙江路(地铁站),交通设施服务;地铁站;地铁站,150500,上海市,上海市,普陀区,13号线;3号线;4号线,"121.413201,31.232147",121.413201,31.232147,021,310107,[],"021-63189188-531200,021-63189188","121.400000,31.100000|121.550000,31.250000"
BV10039946,铜川路(地铁站),交通设施服务;地铁站;地铁站,150500,上海市,上海市,普陀区,14号线;15号线,"121.397036,31.250733",121.397036,31.250733,021,310107,[],021-63189188-552200,"121.250000,31.250000|121.400000,31.400000"
BV10039864,镇坪路(地铁站),交通设施服务;地铁站;地铁站,150500,上海市,上海市,普陀区,3号线;4号线;7号线,"121.429779,31.246369",121.429779,31.246369,021,310107,[],"021-63189188-671600,021-64370000","121.400000,31.100000|121.550000,31.250000"
BV10039779,长寿路(地铁站),交通设施服务;地铁站;地铁站,150500,上海市,上海市,普陀区,13号线;7号线,"121.438272,31.240860",121.438272,31.240860,021,310107,[],021-63189188-671700,"121.400000,31.100000|121.550000,31.250000"
BV10820974,长风公园(地铁站),交通设施服务;地铁站;地铁站,150500,上海市,上海市,普陀区,15号线,"121.396320,31.225254",121.396320,31.225254,021,310107,[],021-63189188-551900,"121.250000,31.100000|121.400000,31.250000"
BV10039777,隆德路(地铁站),交通设施服务;地铁站;地铁站,150500,上海市,上海市,普陀区,11号线;13号线,"121.423576,31.230509",121.423576,31.230509,021,310107,[],021-63189188-531300,"121.400000,31.100000|121.550000,31.250000"
BV10039977,三门路(地铁站),交通设施服务;地铁站;地铁站,150500,上海市,上海市,杨浦区,(在建)20号线一期东段;10号线,"121.508340,31.313214",121.508340,31.313214,021,310110,[],021-63189188-502600,"121.400000,31.250000|121.550000,31.400000"
BV09356947,上海体育大学(地铁站),交通设施服务;地铁站;地铁站,150500,上海市,上海市,杨浦区,(在建)20号线一期东段,"121.523118,31.314724",121.523118,31.314724,021,310110,[],[],"121.400000,31.250000|121.550000,31.400000"
BV11639102,上海财经大学(地铁站),交通设施服务;地铁站;地铁站,150500,上海市,上海市,杨浦区,(在建)20号线一期东段;18号线,"121.496332,31.307672",121.496332,31.307672,021,310110,[],021-63189188-582418,"121.400000,31.250000|121.550000,31.400000"
BV11639108,丹阳路(地铁站),交通设施服务;地铁站;地铁站,150500,上海市,上海市,杨浦区,18号线,"121.531160,31.253815",121.531160,31.253815,021,310110,[],021-63189188-581718,"121.400000,31.250000|121.550000,31.400000"
BV10030403,五角场(地铁站),交通设施服务;地铁站;地铁站,150500,上海市,上海市,杨浦区,10号线,"121.514632,31.298043",121.514632,31.298043,021,310110,[],021-63189188-502400,"121.400000,31.250000|121.550000,31.400000"
BV11653224,共青森林公园(地铁站),交通设施服务;地铁站;地铁站,150500,上海市,上海市,杨浦区,(在建)20号线一期东段,"121.546568,31.314591",121.546568,31.314591,021,310110,[],[],"121.400000,31.250000|121.550000,31.400000"
BV10024697,同济大学(地铁站),交通设施服务;地铁站;地铁站,150500,上海市,上海市,杨浦区,10号线,"121.506269,31.281904",121.506269,31.281904,021,310110,[],021-63189188-502221,"121.400000,31.250000|121.550000,31.400000"
BV10854613,国帆路(地铁站),交通设施服务;地铁站;地铁站,150500,上海市,上海市,杨浦区,10号线,"121.513168,31.339548",121.513168,31.339548,021,310110,[],021-63189188-503200,"121.400000,31.250000|121.550000,31.400000"
BV10025272,国权路(地铁站),交通设施服务;地铁站;地铁站,150500,上海市,上海市,杨浦区,10号线;18号线,"121.510024,31.289276",121.510024,31.289276,021,310110,[],"021-63189188-502300,021-63189188-582218","121.400000,31.250000|121.550000,31.400000"
BV10025457,复兴岛(地铁站),交通设施服务;地铁站;地铁站,150500,上海市,上海市,杨浦区,12号线,"121.561315,31.280779",121.561315,31.280779,021,310110,[],021-63189188,"121.550000,31.250000|121.700000,31.400000"
BV11639104,复旦大学(地铁站),交通设施服务;地铁站;地铁站,150500,上海市,上海市,杨浦区,18号线,"121.499529,31.296349",121.499529,31.296349,021,310110,[],021-63189188-582318,"121.400000,31.250000|121.550000,31.400000"
BV10025282,嫩江路(地铁站),交通设施服务;地铁站;地铁站,150500,上海市,上海市,杨浦区,(在建)20号线一期东段;8号线,"121.531954,31.314804",121.531954,31.314804,021,310110,[],021-64370000,"121.400000,31.250000|121.550000,31.400000"
BV10039929,宁国路(地铁站),交通设施服务;地铁站;地铁站,150500,上海市,上海市,杨浦区,12号线,"121.532352,31.268574",121.532352,31.268574,021,310110,[],021-63189188-521010,"121.400000,31.250000|121.550000,31.400000"
BV10039907,市光路(地铁站),交通设施服务;地铁站;地铁站,150500,上海市,上海市,杨浦区,8号线,"121.531933,31.322724",121.531933,31.322724,021,310110,[],021-64370000,"121.400000,31.250000|121.550000,31.400000"
BV11639109,平凉路(地铁站),交通设施服务;地铁站;地铁站,150500,上海市,上海市,杨浦区,18号线,"121.526701,31.259038",121.526701,31.259038,021,310110,[],021-63189188-581818,"121.400000,31.250000|121.550000,31.400000"
BV10039909,延吉中路(地铁站),交通设施服务;地铁站;地铁站,150500,上海市,上海市,杨浦区,8号线,"121.534941,31.288543",121.534941,31.288543,021,310110,[],021-64370000,"121.400000,31.250000|121.550000,31.400000"
BV11639103,抚顺路(地铁站),交通设施服务;地铁站;地铁站,150500,上海市,上海市,杨浦区,18号线,"121.515793,31.283664",121.515793,31.283664,021,310110,[],021-63189188-582118,"121.400000,31.250000|121.550000,31.400000"
BV10039979,新江湾城(地铁站),交通设施服务;地铁站;地铁站,150500,上海市,上海市,杨浦区,10号线,"121.506951,31.328496",121.506951,31.328496,021,310110,[],[],"121.400000,31.250000|121.550000,31.400000"
BV10039978,殷高东路(地铁站),交通设施服务;地铁站;地铁站,150500,上海市,上海市,杨浦区,10号线,"121.506797,31.321768",121.506797,31.321768,021,310110,[],021-63189188-502700,"121.400000,31.250000|121.550000,31.400000"
BV10039930,江浦公园(地铁站),交通设施服务;地铁站;地铁站,150500,上海市,上海市,杨浦区,12号线;18号线,"121.523697,31.264570",121.523697,31.264570,021,310110,[],"021-63189188-521100,021-63189188-581918","121.400000,31.250000|121.550000,31.400000"
BV10039911,江浦路(地铁站),交通设施服务;地铁站;地铁站,150500,上海市,上海市,杨浦区,18号线;8号线,"121.518379,31.274946",121.518379,31.274946,021,310110,[],021-63189188-582018,"121.400000,31.250000|121.550000,31.400000"
BV10039976,江湾体育场(地铁站),交通设施服务;地铁站;地铁站,150500,上海市,上海市,杨浦区,10号线,"121.513314,31.304293",121.513314,31.304293,021,310110,[],021-63189188-502500,"121.400000,31.250000|121.550000,31.400000"
BV10039927,爱国路(地铁站),交通设施服务;地铁站;地铁站,150500,上海市,上海市,杨浦区,12号线,"121.552655,31.279788",121.552655,31.279788,021,310110,[],021-63189188-520800,"121.550000,31.250000|121.700000,31.400000"
BV10030219,翔殷路(地铁站),交通设施服务;地铁站;地铁站,150500,上海市,上海市,杨浦区,8号线,"121.531974,31.305002",121.531974,31.305002,021,310110,[],021-64370000,"121.400000,31.250000|121.550000,31.400000"
BV10039928,隆昌路(地铁站),交通设施服务;地铁站;地铁站,150500,上海市,上海市,杨浦区,12号线,"121.544692,31.275213",121.544692,31.275213,021,310110,[],021-63189188-520910,"121.400000,31.250000|121.550000,31.400000"
BV10033521,鞍山新村(地铁站),交通设施服务;地铁站;地铁站,150500,上海市,上海市,杨浦区,8号线,"121.509685,31.273242",121.509685,31.273242,021,310110,[],021-64370000,"121.400000,31.250000|121.550000,31.400000"
BV10039908,黄兴公园(地铁站),交通设施服务;地铁站;地铁站,150500,上海市,上海市,杨浦区,8号线,"121.533383,31.295389",121.533383,31.295389,021,310110,[],021-64370000,"121.400000,31.250000|121.550000,31.400000"
BV10039910,黄兴路(地铁站),交通设施服务;地铁站;地铁站,150500,上海市,上海市,杨浦区,8号线,"121.528401,31.278814",121.528401,31.278814,021,310110,[],021-64370000,"121.400000,31.250000|121.550000,31.400000"
BV09334322,上海松江站(地铁站),交通设施服务;地铁站;地铁站,150500,上海市,上海市,松江区,9号线,"121.230884,30.984818",121.230884,30.984818,021,310117,[],021-64370000,"121.100000,30.950000|121.250000,31.100000"
BV10039875,九亭(地铁站),交通设施服务;地铁站;地铁站,150500,上海市,上海市,松江区,9号线,"121.319423,31.137252",121.319423,31.137252,021,310117,[],[],"121.250000,31.100000|121.400000,31.250000"
BV10035054,佘山(地铁站),交通设施服务;地铁站;地铁站,150500,上海市,上海市,松江区,9号线,"121.229686,31.104097",121.229686,31.104097,021,310117,[],[],"121.100000,31.100000|121.250000,31.250000"
BV09064134,刘五公路(地铁站),交通设施服务;地铁站;地铁站,150500,上海市,上海市,松江区,(在建)12号线西延线,"121.248864,31.090267",121.248864,31.090267,021,310117,[],[],"121.100000,30.950000|121.250000,31.100000"
BV09357271,千帆路(地铁站),交通设施服务;地铁站;地铁站,150500,上海市,上海市,松江区,(在建)12号线西延线,"121.324492,31.092256",121.324492,31.092256,021,310117,[],[],"121.250000,30.950000|121.400000,31.100000"
BV09357272,同乐路(地铁站),交通设施服务;地铁站;地铁站,150500,上海市,上海市,松江区,(在建)12号线西延线,"121.268997,31.092698",121.268997,31.092698,021,310117,[],[],"121.250000,30.950000|121.400000,31.100000"
BV09064131,场东路(地铁站),交通设施服务;地铁站;地铁站,150500,上海市,上海市,松江区,(在建)12号线西延线,"121.357706,31.099759",121.357706,31.099759,021,310117,[],[],"121.250000,30.950000|121.400000,31.100000"
BV09064130,场西路(地铁站),交通设施服务;地铁站;地铁站,150500,上海市,上海市,松江区,(在建)12号线西延线,"121.339855,31.093292",121.339855,31.093292,021,310117,[],[],"121.250000,30.950000|121.400000,31.100000"
BV10039873,松江体育中心(地铁站),交通设施服务;地铁站;地铁站,150500,上海市,上海市,松江区,9号线,"121.230546,31.016006",121.230546,31.016006,021,310117,[],021-64370000,"121.100000,30.950000|121.250000,31.100000"
BV10027922,松江大学城(地铁站),交通设施服务;地铁站;地铁站,150500,上海市,上海市,松江区,9号线,"121.232577,31.053984",121.232577,31.053984,021,310117,[],[],"121.100000,30.950000|121.250000,31.100000"
BV10039874,松江新城(地铁站),交通设施服务;地铁站;地铁站,150500,上海市,上海市,松江区,9号线,"121.230739,31.030295",121.230739,31.030295,021,310117,[],[],"121.100000,30.950000|121.250000,31.100000"
BV10032803,泗泾(地铁站),交通设施服务;地铁站;地铁站,150500,上海市,上海市,松江区,9号线,"121.260247,31.118272",121.260247,31.118272,021,310117,[],[],"121.250000,31.100000|121.400000,31.250000"
BV10027857,洞泾(地铁站),交通设施服务;地铁站;地铁站,150500,上海市,上海市,松江区,(在建)12号线西延线;9号线,"121.230473,31.084492",121.230473,31.084492,021,310117,[],[],"121.100000,30.950000|121.250000,31.100000"
BV10037928,醉白池(地铁站),交通设施服务;地铁站;地铁站,150500,上海市,上海市,松江区,9号线,"121.229361,31.001125",121.229361,31.001125,021,310117,[],[],"121.100000,30.950000|121.250000,31.100000"
BV10028225,三林(地铁站),交通设施服务;地铁站;地铁站,150500,上海市,上海市,浦东新区,11号线,"121.511796,31.143224",121.511796,31.143224,021,310115,[],021-53554630-512900,"121.400000,31.100000|121.550000,31.250000"
BV10039963,三林东(地铁站),交通设施服务;地铁站;地铁站,150500,上海市,上海市,浦东新区,11号线,"121.522999,31.146459",121.522999,31.146459,021,310115,[],021-53554630-513000,"121.400000,31.100000|121.550000,31.250000"
BV11494196,三林南(地铁站),交通设施服务;地铁站;地铁站,150500,上海市,上海市,浦东新区,(在建)19号线;市域机场线,"121.486854,31.126039",121.486854,31.126039,021,310115,[],021-64370000,"121.400000,31.100000|121.550000,31.250000"
BV10039828,上南路(地铁站),交通设施服务;地铁站;地铁站,150500,上海市,上海市,浦东新区,6号线,"121.506447,31.148820",121.506447,31.148820,021,310115,[],021-64370000,"121.400000,31.100000|121.550000,31.250000"
BV09237111,上海东站(地铁站),交通设施服务;地铁站;地铁站,150500,上海市,上海市,浦东新区,(在建)21号线东延伸段,"121.784153,31.120084",121.784153,31.120084,021,310115,[],[],"121.700000,31.100000|121.850000,31.250000"
BV11494195,上海东站(地铁站),交通设施服务;地铁站;地铁站,150500,上海市,上海市,浦东新区,(在建)南汇支线;(在建)市域机场线后通段,"121.782830,31.111293",121.782830,31.111293,021,310115,[],[],"121.700000,31.100000|121.850000,31.250000"
BV10039832,上海儿童医学中心(地铁站),交通设施服务;地铁站;地铁站,150500,上海市,上海市,浦东新区,6号线,"121.523482,31.203277",121.523482,31.203277,021,310115,[],021-64370000,"121.400000,31.100000|121.550000,31.250000"
BV09301413,上海国际旅游度假区(地铁站),交通设施服务;地铁站;地铁站,150500,上海市,上海市,浦东新区,市域机场线,"121.679730,31.156182",121.679730,31.156182,021,310115,[],021-64370000,"121.550000,31.100000|121.700000,31.250000"
BV10031164,上海科技馆(地铁站),交通设施服务;地铁站;地铁站,150500,上海市,上海市,浦东新区,2号线,"121.544439,31.218820",121.544439,31.218820,021,310115,[],021-64370000,"121.400000,31.100000|121.550000,31.250000"
BV10039788,下南路(地铁站),交通设施服务;地铁站;地铁站,150500,上海市,上海市,浦东新区,13号线,"121.540189,31.179295",121.540189,31.179295,021,310115,[],021-63189188-532900,"121.400000,31.100000|121.550000,31.250000"
BV10718377,下沙(地铁站),交通设施服务;地铁站;地铁站,150500,上海市,上海市,浦东新区,18号线,"121.588988,31.054396",121.588988,31.054396,021,310115,[],021-63189188-580218,"121.550000,30.950000|121.700000,31.100000"
BV10029559,世博大道(地铁站),交通设施服务;地铁站;地铁站,150500,上海市,上海市,浦东新区,(在建)19号线;13号线,"121.484313,31.182789",121.484313,31.182789,021,310115,[],021-63189188-532400,"121.400000,31.100000|121.550000,31.250000"
BV10032793,世纪公园(地铁站),交通设施服务;地铁站;地铁站,150500,上海市,上海市,浦东新区,2号线,"121.550909,31.209421",121.550909,31.209421,021,310115,[],021-64370000,"121.550000,31.100000|121.700000,31.250000"
BV10039835,世纪大道(地铁站),交通设施服务;地铁站;地铁站,150500,上海市,上海市,浦东新区,2号线;4号线;6号线;9号线,"121.527213,31.228682",121.527213,31.228682,021,310115,[],021-64370000,"121.400000,31.100000|121.550000,31.250000"
BV10032522,东方体育中心(地铁站),交通设施服务;地铁站;地铁站,150500,上海市,上海市,浦东新区,(在建)19号线;11号线;6号线;8号线,"121.480304,31.153366",121.480304,31.153366,021,310115,[],021-64370000,"121.400000,31.100000|121.550000,31.250000"
BV10039787,东明路(地铁站),交通设施服务;地铁站;地铁站,150500,上海市,上海市,浦东新区,13号线;6号线,"121.510868,31.172646",121.510868,31.172646,021,310115,[],"021-63189188-532700,021-63189188","121.400000,31.100000|121.550000,31.250000"
BV10039926,东陆路(地铁站),交通设施服务;地铁站;地铁站,150500,上海市,上海市,浦东新区,12号线,"121.579124,31.282533",121.579124,31.282533,021,310115,[],021-63189188-520600,"121.550000,31.250000|121.700000,31.400000"
BV10039844,东靖路(地铁站),交通设施服务;地铁站;地铁站,150500,上海市,上海市,浦东新区,(在建)21号线;6号线,"121.588736,31.290684",121.588736,31.290684,021,310115,[],021-63189188-660700,"121.550000,31.250000|121.700000,31.400000"
BV10039917,中华艺术宫(地铁站),交通设施服务;地铁站;地铁站,150500,上海市,上海市,浦东新区,8号线,"121.493626,31.185242",121.493626,31.185242,021,310115,[],021-63189188-682000,"121.400000,31.100000|121.550000,31.250000"
BV09356944,中华艺术宫南(地铁站),交通设施服务;地铁站;地铁站,150500,上海市,上海市,浦东新区,(在建)19号线,"121.493972,31.182418",121.493972,31.182418,021,310115,[],[],"121.400000,31.100000|121.550000,31.250000"
BV10039792,中科路(地铁站),交通设施服务;地铁站;地铁站,150500,上海市,上海市,浦东新区,13号线,"121.602465,31.178862",121.602465,31.178862,021,310115,[],021-63189188-533400,"121.550000,31.100000|121.700000,31.250000"
BV10039831,临沂新村(地铁站),交通设施服务;地铁站;地铁站,150500,上海市,上海市,浦东新区,6号线,"121.516695,31.193202",121.516695,31.193202,021,310115,[],021-64370000,"121.400000,31.100000|121.550000,31.250000"
BV10039813,临港大道(地铁站),交通设施服务;地铁站;地铁站,150500,上海市,上海市,浦东新区,16号线,"121.910851,30.923519",121.910851,30.923519,021,310115,[],021-63189188,"121.850000,30.800000|122.000000,30.950000"
BV09079015,丹桂路(地铁站),交通设施服务;地铁站;地铁站,150500,上海市,上海市,浦东新区,(在建)13号线东延伸,"121.632282,31.222713",121.632282,31.222713,021,310115,[],[],"121.550000,31.100000|121.700000,31.250000"
BV10027135,书院(地铁站),交通设施服务;地铁站;地铁站,150500,上海市,上海市,浦东新区,16号线,"121.850520,30.959264",121.850520,30.959264,021,310115,[],021-63189188,"121.850000,30.950000|122.000000,31.100000"
BV10039856,云台路(地铁站),交通设施服务;地铁站;地铁站,150500,上海市,上海市,浦东新区,7号线,"121.500439,31.182212",121.500439,31.182212,021,310115,[],021-63189188-672700,"121.400000,31.100000|121.550000,31.250000"
BV10039840,云山路(地铁站),交通设施服务;地铁站;地铁站,150500,上海市,上海市,浦东新区,14号线;6号线,"121.571153,31.250969",121.571153,31.250969,021,310115,[],021-63189188,"121.550000,31.250000|121.700000,31.400000"
BV11649014,云桥路(地铁站),交通设施服务;地铁站;地铁站,150500,上海市,上海市,浦东新区,(在建)21号线,"121.615192,31.248948",121.615192,31.248948,021,310115,[],[],"121.550000,31.100000|121.700000,31.250000"
BV10039956,云顺路(地铁站),交通设施服务;地铁站;地铁站,150500,上海市,上海市,浦东新区,14号线,"121.600336,31.237064",121.600336,31.237064,021,310115,[],021-63189188-542810,"121.550000,31.100000|121.700000,31.250000"
BV10039845,五洲大道(地铁站),交通设施服务;地铁站;地铁站,150500,上海市,上海市,浦东新区,6号线,"121.589212,31.302569",121.589212,31.302569,021,310115,[],021-63189188-660600,"121.550000,31.250000|121.700000,31.400000"
BV10039842,五莲路(地铁站),交通设施服务;地铁站;地铁站,150500,上海市,上海市,浦东新区,6号线,"121.587866,31.272025",121.587866,31.272025,021,310115,[],021-64370000,"121.550000,31.250000|121.700000,31.400000"
BV09356651,佳林路(地铁站),交通设施服务;地铁站;地铁站,150500,上海市,上海市,浦东新区,(在建)21号线,"121.604504,31.271575",121.604504,31.271575,021,310115,[],[],"121.550000,31.250000|121.700000,31.400000"
BV10032909,凌兆新村(地铁站),交通设施服务;地铁站;地铁站,150500,上海市,上海市,浦东新区,(在建)19号线;8号线,"121.489663,31.141301",121.489663,31.141301,021,310115,[],021-64370000,"121.400000,31.100000|121.550000,31.250000"
BV11494927,凌空北路(地铁站),交通设施服务;地铁站;地铁站,150500,上海市,上海市,浦东新区,(在建)22号线一期,"121.672570,31.293605",121.672570,31.293605,021,310115,[],[],"121.550000,31.250000|121.700000,31.400000"
BV11277591,凌空路(地铁站),交通设施服务;地铁站;地铁站,150500,上海市,上海市,浦东新区,2号线,"121.724095,31.192861",121.724095,31.192861,021,310115,[],021-63189188-623510,"121.700000,31.100000|121.850000,31.250000"
BV11277592,创新中路(地铁站),交通设施服务;地铁站;地铁站,150500,上海市,上海市,浦东新区,2号线,"121.673713,31.213871",121.673713,31.213871,021,310115,[],021-63189188-622910,"121.550000,31.100000|121.700000,31.250000"
BV11639110,北中路(地铁站),交通设施服务;地铁站;地铁站,150500,上海市,上海市,浦东新区,18号线,"121.561355,31.182762",121.561355,31.182762,021,310115,[],021-63189188-581018,"121.550000,31.100000|121.700000,31.250000"
BV09377606,北新园路(地铁站),交通设施服务;地铁站;地铁站,150500,上海市,上海市,浦东新区,(在建)20号线一期东段,"121.629327,31.319765",121.629327,31.319765,021,310115,[],[],"121.550000,31.250000|121.700000,31.400000"
BV10039838,北洋泾路(地铁站),交通设施服务;地铁站;地铁站,150500,上海市,上海市,浦东新区,6号线,"121.552314,31.239145",121.552314,31.239145,021,310115,[],021-38824830-661400,"121.550000,31.100000|121.700000,31.250000"
BV10029748,北蔡(地铁站),交通设施服务;地铁站;地铁站,150500,上海市,上海市,浦东新区,13号线,"121.552017,31.180131",121.552017,31.180131,021,310115,[],021-63189188-533000,"121.550000,31.100000|121.700000,31.250000"
BV09024024,华丰路(地铁站),交通设施服务;地铁站;地铁站,150500,上海市,上海市,浦东新区,(在建)19号线,"121.506759,31.192516",121.506759,31.192516,021,310115,[],[],"121.400000,31.100000|121.550000,31.250000"
BV11277589,华夏东路(地铁站),交通设施服务;地铁站;地铁站,150500,上海市,上海市,浦东新区,2号线,"121.680972,31.196575",121.680972,31.196575,021,310115,[],021-63189188-623310,"121.550000,31.100000|121.700000,31.250000"
BV10039791,华夏中路(地铁站),交通设施服务;地铁站;地铁站,150500,上海市,上海市,浦东新区,13号线;16号线,"121.583109,31.175759",121.583109,31.175759,021,310115,[],021-63189188,"121.550000,31.100000|121.700000,31.250000"
BV10039829,华夏西路(地铁站),交通设施服务;地铁站;地铁站,150500,上海市,上海市,浦东新区,6号线,"121.514539,31.149878",121.514539,31.149878,021,310115,[],021-64370000,"121.400000,31.100000|121.550000,31.250000"
BV10946926,华鹏路(地铁站),交通设施服务;地铁站;地铁站,150500,上海市,上海市,浦东新区,13号线,"121.526567,31.176276",121.526567,31.176276,021,310115,[],021-63189188-532800,"121.400000,31.100000|121.550000,31.250000"
BV11581685,南码头路(地铁站),交通设施服务;地铁站;地铁站,150500,上海市,上海市,浦东新区,(在建)19号线,"121.509247,31.196223",121.509247,31.196223,021,310115,[],[],"121.400000,31.100000|121.550000,31.250000"
BV10031099,博兴路(地铁站),交通设施服务;地铁站;地铁站,150500,上海市,上海市,浦东新区,6号线,"121.586689,31.263520",121.586689,31.263520,021,310115,[],021-64370000,"121.550000,31.250000|121.700000,31.400000"
BV09356653,博宇路(地铁站),交通设施服务;地铁站;地铁站,150500,上海市,上海市,浦东新区,(在建)21号线,"121.615159,31.174243",121.615159,31.174243,021,310115,[],[],"121.550000,31.100000|121.700000,31.250000"
BV10854616,双江路(地铁站),交通设施服务;地铁站;地铁站,150500,上海市,上海市,浦东新区,10号线,"121.539425,31.353601",121.539425,31.353601,021,310115,[],021-63189188-503300,"121.400000,31.250000|121.550000,31.400000"
BV09356650,古桐南路(地铁站),交通设施服务;地铁站;地铁站,150500,上海市,上海市,浦东新区,(在建)21号线,"121.613366,31.199930",121.613366,31.199930,021,310115,[],[],"121.550000,31.100000|121.700000,31.250000"
BV10960990,台儿庄路(地铁站),交通设施服务;地铁站;地铁站,150500,上海市,上海市,浦东新区,9号线,"121.597458,31.252825",121.597458,31.252825,021,310115,[],021-63189188-692800,"121.550000,31.250000|121.700000,31.400000"
BV09377604,台南西路(地铁站),交通设施服务;地铁站;地铁站,150500,上海市,上海市,浦东新区,(在建)20号线一期东段,"121.607350,31.316510",121.607350,31.316510,021,310115,[],[],"121.550000,31.250000|121.700000,31.400000"
BV10039858,后滩(地铁站),交通设施服务;地铁站;地铁站,150500,上海市,上海市,浦东新区,(在建)19号线;7号线,"121.473756,31.171918",121.473756,31.171918,021,310115,[],021-63189188-672400,"121.400000,31.100000|121.550000,31.250000"
BV09334329,向城路(地铁站),交通设施服务;地铁站;地铁站,150500,上海市,上海市,浦东新区,4号线,"121.532080,31.222285",121.532080,31.222285,021,310115,[],[],"121.400000,31.100000|121.550000,31.250000"
BV10718368,周浦(地铁站),交通设施服务;地铁站;地铁站,150500,上海市,上海市,浦东新区,18号线,"121.567613,31.114129",121.567613,31.114129,021,310115,[],021-63189188-580618,"121.550000,31.100000|121.700000,31.250000"
BV10033468,周浦东(地铁站),交通设施服务;地铁站;地铁站,150500,上海市,上海市,浦东新区,16号线,"121.606895,31.110038",121.606895,31.110038,021,310115,[],021-63189188,"121.550000,31.100000|121.700000,31.250000"
BV11277590,唐镇(地铁站),交通设施服务;地铁站;地铁站,150500,上海市,上海市,浦东新区,2号线,"121.656269,31.214107",121.656269,31.214107,021,310115,[],[],"121.550000,31.100000|121.700000,31.250000"
BV11649011,唐黄路(地铁站),交通设施服务;地铁站;地铁站,150500,上海市,上海市,浦东新区,(在建)21号线,"121.683212,31.143457",121.683212,31.143457,021,310115,[],[],"121.550000,31.100000|121.700000,31.250000"
BV10039883,商城路(地铁站),交通设施服务;地铁站;地铁站,150500,上海市,上海市,浦东新区,(在建)19号线;9号线,"121.516275,31.230258",121.516275,31.230258,021,310115,[],021-63189188-692300,"121.400000,31.100000|121.550000,31.250000"
BV10854614,基隆路(地铁站),交通设施服务;地铁站;地铁站,150500,上海市,上海市,浦东新区,10号线,"121.590411,31.351311",121.590411,31.351311,021,310115,[],021-63189188-503700,"121.550000,31.250000|121.700000,31.400000"
BV10034167,塘桥(地铁站),交通设施服务;地铁站;地铁站,150500,上海市,上海市,浦东新区,(在建)19号线;4号线,"121.518690,31.209762",121.518690,31.209762,021,310115,[],021-26031000-642300,"121.400000,31.100000|121.550000,31.250000"
BV10039848,外高桥保税区北(地铁站),交通设施服务;地铁站;地铁站,150500,上海市,上海市,浦东新区,6号线,"121.586926,31.347802",121.586926,31.347802,021,310115,[],021-64370000,"121.550000,31.250000|121.700000,31.400000"
BV10030681,外高桥保税区南(地铁站),交通设施服务;地铁站;地铁站,150500,上海市,上海市,浦东新区,6号线,"121.601963,31.321578",121.601963,31.321578,021,310115,[],021-64370000,"121.550000,31.250000|121.700000,31.400000"
BV10039793,学林路(地铁站),交通设施服务;地铁站;地铁站,150500,上海市,上海市,浦东新区,(在建)21号线;13号线,"121.614363,31.183476",121.614363,31.183476,021,310115,[],021-63189188-533500,"121.550000,31.100000|121.700000,31.250000"
BV11277593,川沙(地铁站),交通设施服务;地铁站;地铁站,150500,上海市,上海市,浦东新区,2号线,"121.698210,31.186741",121.698210,31.186741,021,310115,[],021-63189188-623410,"121.550000,31.100000|121.700000,31.250000"
BV09356654,川沙路(地铁站),交通设施服务;地铁站;地铁站,150500,上海市,上海市,浦东新区,(在建)21号线;(在建)21号线东延伸段,"121.710540,31.150643",121.710540,31.150643,021,310115,[],[],"121.700000,31.100000|121.850000,31.250000"
BV10039843,巨峰路(地铁站),交通设施服务;地铁站;地铁站,150500,上海市,上海市,浦东新区,12号线;6号线,"121.588365,31.280684",121.588365,31.280684,021,310115,[],"021-64370000,021-63189188-520500","121.550000,31.250000|121.700000,31.400000"
BV10039819,广兰路(地铁站),交通设施服务;地铁站;地铁站,150500,上海市,上海市,浦东新区,(在建)21号线;2号线,"121.621072,31.211050",121.621072,31.211050,021,310115,[],021-63189188-622710,"121.550000,31.100000|121.700000,31.250000"
BV11649009,康南路(地铁站),交通设施服务;地铁站;地铁站,150500,上海市,上海市,浦东新区,(在建)21号线,"121.618504,31.165474",121.618504,31.165474,021,310115,[],[],"121.550000,31.100000|121.700000,31.250000"
BV09303995,康恒路(地铁站),交通设施服务;地铁站;地铁站,150500,上海市,上海市,浦东新区,11号线,"121.553699,31.154229",121.553699,31.154229,021,310115,[],021-64370000,"121.550000,31.100000|121.700000,31.250000"
BV10538982,康新公路(地铁站),交通设施服务;地铁站;地铁站,150500,上海市,上海市,浦东新区,11号线,"121.617199,31.130441",121.617199,31.130441,021,310115,[],021-64370000,"121.550000,31.100000|121.700000,31.250000"
BV10718369,康桥(地铁站),交通设施服务;地铁站;地铁站,150500,上海市,上海市,浦东新区,18号线,"121.567306,31.134239",121.567306,31.134239,021,310115,[],021-63189188-580718,"121.550000,31.100000|121.700000,31.250000"
BV09301415,康桥东(地铁站),交通设施服务;地铁站;地铁站,150500,上海市,上海市,浦东新区,(在建)21号线;市域机场线,"121.614894,31.146808",121.614894,31.146808,021,310115,[],[],"121.550000,31.100000|121.700000,31.250000"
BV09377605,张杨北路(地铁站),交通设施服务;地铁站;地铁站,150500,上海市,上海市,浦东新区,(在建)20号线一期东段,"121.589456,31.316452",121.589456,31.316452,021,310115,[],[],"121.550000,31.250000|121.700000,31.400000"
BV10039794,张江路(地铁站),交通设施服务;地铁站;地铁站,150500,上海市,上海市,浦东新区,(在建)13号线东延伸;13号线,"121.629182,31.189130",121.629182,31.189130,021,310115,[],021-63189188-533600,"121.550000,31.100000|121.700000,31.250000"
BV10039897,张江高科(地铁站),交通设施服务;地铁站;地铁站,150500,上海市,上海市,浦东新区,2号线,"121.587490,31.201872",121.587490,31.201872,021,310115,[],021-63189188-622500,"121.550000,31.100000|121.700000,31.250000"
BV11649017,张衡路(地铁站),交通设施服务;地铁站;地铁站,150500,上海市,上海市,浦东新区,(在建)21号线,"121.612531,31.192043",121.612531,31.192043,021,310115,[],[],"121.550000,31.100000|121.700000,31.250000"
BV10039965,御桥(地铁站),交通设施服务;地铁站;地铁站,150500,上海市,上海市,浦东新区,11号线;18号线,"121.570914,31.158131",121.570914,31.158131,021,310115,[],"021-64370000,021-53554630-513300,021-63189188-580818","121.550000,31.100000|121.700000,31.250000"
BV11581680,德州路(地铁站),交通设施服务;地铁站;地铁站,150500,上海市,上海市,浦东新区,(在建)19号线,"121.477683,31.165202",121.477683,31.165202,021,310115,[],[],"121.400000,31.100000|121.550000,31.250000"
BV10039839,德平路(地铁站),交通设施服务;地铁站;地铁站,150500,上海市,上海市,浦东新区,6号线,"121.564237,31.245400",121.564237,31.245400,021,310115,[],021-64370000,"121.550000,31.100000|121.700000,31.250000"
BV10039815,惠南(地铁站),交通设施服务;地铁站;地铁站,150500,上海市,上海市,浦东新区,16号线,"121.761677,31.053828",121.761677,31.053828,021,310115,[],021-63189188,"121.700000,30.950000|121.850000,31.100000"
BV10039814,惠南东(地铁站),交通设施服务;地铁站;地铁站,150500,上海市,上海市,浦东新区,16号线,"121.793800,31.026448",121.793800,31.026448,021,310115,[],021-63189188,"121.700000,30.950000|121.850000,31.100000"
BV10025911,成山路(地铁站),交通设施服务;地铁站;地铁站,150500,上海市,上海市,浦东新区,13号线;8号线,"121.496326,31.170511",121.496326,31.170511,021,310115,[],"021-63189188-532600,021-63189188","121.400000,31.100000|121.550000,31.250000"
BV10027172,新场(地铁站),交通设施服务;地铁站;地铁站,150500,上海市,上海市,浦东新区,16号线,"121.648980,31.045561",121.648980,31.045561,021,310115,[],021-63189188,"121.550000,30.950000|121.700000,31.100000"
BV09237109,施新路(地铁站),交通设施服务;地铁站;地铁站,150500,上海市,上海市,浦东新区,(在建)21号线东延伸段,"121.758253,31.148719",121.758253,31.148719,021,310115,[],[],"121.700000,31.100000|121.850000,31.250000"
BV10039952,昌邑路(地铁站),交通设施服务;地铁站;地铁站,150500,上海市,上海市,浦东新区,14号线;18号线,"121.540104,31.243940",121.540104,31.243940,021,310115,[],021-63189188-542210,"121.400000,31.100000|121.550000,31.250000"
BV09332660,星海湾路(地铁站),交通设施服务;地铁站;地铁站,150500,上海市,上海市,浦东新区,(在建)南汇支线,"121.941239,30.954425",121.941239,30.954425,021,310115,[],[],"121.850000,30.950000|122.000000,31.100000"
BV10960991,曹路(地铁站),交通设施服务;地铁站;地铁站,150500,上海市,上海市,浦东新区,9号线,"121.683153,31.271297",121.683153,31.271297,021,310115,[],021-63189188-693400,"121.550000,31.250000|121.700000,31.400000"
BV10025899,杨思(地铁站),交通设施服务;地铁站;地铁站,150500,上海市,上海市,浦东新区,8号线,"121.493523,31.161089",121.493523,31.161089,021,310115,[],021-64370000,"121.400000,31.100000|121.550000,31.250000"
BV10039884,杨高中路(地铁站),交通设施服务;地铁站;地铁站,150500,上海市,上海市,浦东新区,18号线;9号线,"121.548664,31.227510",121.548664,31.227510,021,310115,[],"021-63189188-692500,021-63189188-581418","121.400000,31.100000|121.550000,31.250000"
BV10039925,杨高北路(地铁站),交通设施服务;地铁站;地铁站,150500,上海市,上海市,浦东新区,(在建)21号线;12号线,"121.602960,31.280092",121.602960,31.280092,021,310115,[],021-63189188-520400,"121.550000,31.250000|121.700000,31.400000"
BV10039855,杨高南路(地铁站),交通设施服务;地铁站;地铁站,150500,上海市,上海市,浦东新区,7号线,"121.524539,31.187613",121.524539,31.187613,021,310115,[],021-63189188-672900,"121.400000,31.100000|121.550000,31.250000"
BV10039959,桂桥路(地铁站),交通设施服务;地铁站;地铁站,150500,上海市,上海市,浦东新区,14号线,"121.635087,31.249419",121.635087,31.249419,021,310115,[],021-63189188-543110,"121.550000,31.100000|121.700000,31.250000"
BV10031172,歇浦路(地铁站),交通设施服务;地铁站;地铁站,150500,上海市,上海市,浦东新区,14号线,"121.551506,31.250728",121.551506,31.250728,021,310115,[],021-63189188-542310,"121.550000,31.250000|121.700000,31.400000"
BV10039837,民生路(地铁站),交通设施服务;地铁站;地铁站,150500,上海市,上海市,浦东新区,18号线;6号线,"121.543527,31.235851",121.543527,31.235851,021,310115,[],"021-63189188,021-63189188-581518","121.400000,31.100000|121.550000,31.250000"
BV10960995,民雷路(地铁站),交通设施服务;地铁站;地铁站,150500,上海市,上海市,浦东新区,9号线,"121.668125,31.268335",121.668125,31.268335,021,310115,[],021-63189188-693300,"121.550000,31.250000|121.700000,31.400000"
BV10718374,沈梅路(地铁站),交通设施服务;地铁站;地铁站,150500,上海市,上海市,浦东新区,18号线,"121.580589,31.091115",121.580589,31.091115,021,310115,[],021-63189188-580418,"121.550000,30.950000|121.700000,31.100000"
BV09305183,泥城(地铁站),交通设施服务;地铁站;地铁站,150500,上海市,上海市,浦东新区,(在建)南枫线,"121.814154,30.892825",121.814154,30.892825,021,310115,[],[],"121.700000,30.800000|121.850000,30.950000"
BV10039846,洲海路(地铁站),交通设施服务;地铁站;地铁站,150500,上海市,上海市,浦东新区,6号线,"121.589396,31.312229",121.589396,31.312229,021,310115,[],021-63189188-660500,"121.550000,31.250000|121.700000,31.400000"
BV10039964,浦三路(地铁站),交通设施服务;地铁站;地铁站,150500,上海市,上海市,浦东新区,11号线,"121.539005,31.150861",121.539005,31.150861,021,310115,[],"021-64370000,021-53554630-513100","121.400000,31.100000|121.550000,31.250000"
BV09301412,浦东1号2号航站楼(地铁站),交通设施服务;地铁站;地铁站,150500,上海市,上海市,浦东新区,(在建)市域机场线后通段;2号线;市域机场线;磁浮线,"121.805591,31.150958",121.805591,31.150958,021,310115,[],021-64370000,"121.700000,31.100000|121.850000,31.250000"
BV09356652,浦东3号航站楼(地铁站),交通设施服务;地铁站;地铁站,150500,上海市,上海市,浦东新区,(在建)21号线东延伸段;(在建)南汇支线,"121.818047,31.118834",121.818047,31.118834,021,310115,[],[],"121.700000,31.100000|121.850000,31.250000"
BV09377603,浦东北路(地铁站),交通设施服务;地铁站;地铁站,150500,上海市,上海市,浦东新区,(在建)20号线一期东段,"121.578040,31.316398",121.578040,31.316398,021,310115,[],[],"121.550000,31.250000|121.700000,31.400000"
BV09335357,浦东南路(原东昌路)(地铁站),交通设施服务;地铁站;地铁站,150500,上海市,上海市,浦东新区,2号线,"121.515556,31.233270",121.515556,31.233270,021,310115,[],021-64370000,"121.400000,31.100000|121.550000,31.250000"
BV10039949,浦东南路(地铁站),交通设施服务;地铁站;地铁站,150500,上海市,上海市,浦东新区,(在建)19号线;14号线,"121.512412,31.238532",121.512412,31.238532,021,310115,[],021-64370000,"121.400000,31.100000|121.550000,31.250000"
BV10039950,浦东大道(地铁站),交通设施服务;地铁站;地铁站,150500,上海市,上海市,浦东新区,14号线;4号线,"121.519302,31.240308",121.519302,31.240308,021,310115,[],021-63189188-542010,"121.400000,31.100000|121.550000,31.250000"
BV11494198,浦东机场3号航站楼(地铁站),交通设施服务;地铁站;地铁站,150500,上海市,上海市,浦东新区,(在建)市域机场线后通段,"121.817888,31.118692",121.817888,31.118692,021,310115,[],[],"121.700000,31.100000|121.850000,31.250000"
BV10039957,浦东足球场(地铁站),交通设施服务;地铁站;地铁站,150500,上海市,上海市,浦东新区,(在建)21号线;14号线,"121.615430,31.241645",121.615430,31.241645,021,310115,[],021-63189188-542910,"121.550000,31.100000|121.700000,31.250000"
BV10426327,浦电路(地铁站),交通设施服务;地铁站;地铁站,150500,上海市,上海市,浦东新区,6号线,"121.529351,31.220154",121.529351,31.220154,021,310115,[],021-64370000,"121.400000,31.100000|121.550000,31.250000"
BV11277588,海天三路(地铁站),交通设施服务;地铁站;地铁站,150500,上海市,上海市,浦东新区,2号线,"121.796878,31.168459",121.796878,31.168459,021,310115,[],021-64370000,"121.700000,31.100000|121.850000,31.250000"
BV10039849,港城路(地铁站),交通设施服务;地铁站;地铁站,150500,上海市,上海市,浦东新区,10号线;6号线,"121.575017,31.353223",121.575017,31.353223,021,310115,[],021-64370000,"121.550000,31.250000|121.700000,31.400000"
BV10039836,源深体育中心(地铁站),交通设施服务;地铁站;地铁站,150500,上海市,上海市,浦东新区,6号线,"121.534642,31.233004",121.534642,31.233004,021,310115,[],021-64370000,"121.400000,31.100000|121.550000,31.250000"
BV10039951,源深路(地铁站),交通设施服务;地铁站;地铁站,150500,上海市,上海市,浦东新区,14号线,"121.531016,31.241318",121.531016,31.241318,021,310115,[],021-63189188-542110,"121.400000,31.100000|121.550000,31.250000"
BV09332657,滨海森林公园(地铁站),交通设施服务;地铁站;地铁站,150500,上海市,上海市,浦东新区,(在建)南汇支线,"121.907696,30.972672",121.907696,30.972672,021,310115,[],[],"121.850000,30.950000|122.000000,31.100000"
BV10035241,滴水湖(地铁站),交通设施服务;地铁站;地铁站,150500,上海市,上海市,浦东新区,(在建)南枫线;16号线,"121.929583,30.907245",121.929583,30.907245,021,310115,[],021-63189188,"121.850000,30.800000|122.000000,30.950000"
BV09332658,滴水湖北(地铁站),交通设施服务;地铁站;地铁站,150500,上海市,上海市,浦东新区,(在建)南枫线;(在建)南汇支线,"121.940888,30.923910",121.940888,30.923910,021,310115,[],[],"121.850000,30.800000|122.000000,30.950000"
BV09024027,潍坊路(地铁站),交通设施服务;地铁站;地铁站,150500,上海市,上海市,浦东新区,(在建)19号线,"121.517935,31.223215",121.517935,31.223215,021,310115,[],[],"121.400000,31.100000|121.550000,31.250000"
BV10039827,灵岩南路(地铁站),交通设施服务;地铁站;地铁站,150500,上海市,上海市,浦东新区,6号线,"121.495295,31.148665",121.495295,31.148665,021,310115,[],021-64370000,"121.400000,31.100000|121.550000,31.250000"
BV11649013,申江南路(地铁站),交通设施服务;地铁站;地铁站,150500,上海市,上海市,浦东新区,(在建)21号线,"121.626171,31.138566",121.626171,31.138566,021,310115,[],[],"121.550000,31.100000|121.700000,31.250000"
BV10039923,申江路(地铁站),交通设施服务;地铁站;地铁站,150500,上海市,上海市,浦东新区,(在建)22号线一期;12号线,"121.626863,31.280231",121.626863,31.280231,021,310115,[],021-63189188-520200,"121.550000,31.250000|121.700000,31.400000"
BV10538984,秀沿路(地铁站),交通设施服务;地铁站;地铁站,150500,上海市,上海市,浦东新区,11号线,"121.598390,31.138128",121.598390,31.138128,021,310115,[],"021-64370000,021-53554630-515100","121.550000,31.100000|121.700000,31.250000"
BV10718375,繁荣路(地铁站),交通设施服务;地铁站;地铁站,150500,上海市,上海市,浦东新区,18号线,"121.570547,31.102554",121.570547,31.102554,021,310115,[],021-63189188-580518,"121.550000,31.100000|121.700000,31.250000"
BV10039818,罗山路(地铁站),交通设施服务;地铁站;地铁站,150500,上海市,上海市,浦东新区,11号线;16号线,"121.593152,31.153259",121.593152,31.153259,021,310115,[],"021-64370000,021-53554630-513400","121.550000,31.100000|121.700000,31.250000"
BV10039857,耀华路(地铁站),交通设施服务;地铁站;地铁站,150500,上海市,上海市,浦东新区,7号线;8号线,"121.494605,31.178513",121.494605,31.178513,021,310115,[],021-64370000,"121.400000,31.100000|121.550000,31.250000"
BV10718376,航头(地铁站),交通设施服务;地铁站;地铁站,150500,上海市,上海市,浦东新区,18号线,"121.596083,31.037305",121.596083,31.037305,021,310115,[],021-63189188-580118,"121.550000,30.950000|121.700000,31.100000"
BV10039817,航头东(地铁站),交通设施服务;地铁站;地铁站,150500,上海市,上海市,浦东新区,16号线,"121.617494,31.054919",121.617494,31.054919,021,310115,[],021-63189188,"121.550000,30.950000|121.700000,31.100000"
BV10039847,航津路(地铁站),交通设施服务;地铁站;地铁站,150500,上海市,上海市,浦东新区,6号线,"121.593974,31.335371",121.593974,31.335371,021,310115,[],021-64370000,"121.550000,31.250000|121.700000,31.400000"
BV10039850,花木路(地铁站),交通设施服务;地铁站;地铁站,150500,上海市,上海市,浦东新区,7号线,"121.562754,31.211212",121.562754,31.211212,021,310115,[],021-63189188-673300,"121.550000,31.100000|121.700000,31.250000"
BV09305184,花柏路(地铁站),交通设施服务;地铁站;地铁站,150500,上海市,上海市,浦东新区,(在建)南枫线,"121.898507,30.905245",121.898507,30.905245,021,310115,[],[],"121.850000,30.800000|122.000000,30.950000"
BV10039853,芳华路(地铁站),交通设施服务;地铁站;地铁站,150500,上海市,上海市,浦东新区,7号线,"121.550115,31.193110",121.550115,31.193110,021,310115,[],021-63189188-673100,"121.550000,31.100000|121.700000,31.250000"
BV10960994,芳甸路(地铁站),交通设施服务;地铁站;地铁站,150500,上海市,上海市,浦东新区,9号线,"121.558431,31.231845",121.558431,31.231845,021,310115,[],021-63189188-692600,"121.550000,31.100000|121.700000,31.250000"
BV11639107,芳芯路(地铁站),交通设施服务;地铁站;地铁站,150500,上海市,上海市,浦东新区,18号线,"121.559226,31.191158",121.559226,31.191158,021,310115,[],021-63189188-581118,"121.550000,31.100000|121.700000,31.250000"
BV10039790,莲溪路(地铁站),交通设施服务;地铁站;地铁站,150500,上海市,上海市,浦东新区,13号线;18号线,"121.566414,31.169110",121.566414,31.169110,021,310115,[],"021-63189188,021-63189188-580900","121.550000,31.100000|121.700000,31.250000"
BV10039954,蓝天路(地铁站),交通设施服务;地铁站;地铁站,150500,上海市,上海市,浦东新区,14号线;9号线,"121.577995,31.241028",121.577995,31.241028,021,310115,[],021-63189188-542610,"121.550000,31.100000|121.700000,31.250000"
BV10039833,蓝村路(地铁站),交通设施服务;地铁站;地铁站,150500,上海市,上海市,浦东新区,4号线;6号线,"121.527627,31.211672",121.527627,31.211672,021,310115,[],021-64370000,"121.400000,31.100000|121.550000,31.250000"
BV11639106,迎春路(地铁站),交通设施服务;地铁站;地铁站,150500,上海市,上海市,浦东新区,18号线,"121.550998,31.221002",121.550998,31.221002,021,310115,[],021-63189188-581318,"121.550000,31.100000|121.700000,31.250000"
BV11277594,远东大道(地铁站),交通设施服务;地铁站;地铁站,150500,上海市,上海市,浦东新区,2号线,"121.755301,31.199385",121.755301,31.199385,021,310115,[],021-64370000,"121.700000,31.100000|121.850000,31.250000"
BV10681608,迪士尼(地铁站),交通设施服务;地铁站;地铁站,150500,上海市,上海市,浦东新区,(在建)21号线;11号线,"121.667959,31.141263",121.667959,31.141263,021,310115,[],021-64370000,"121.550000,31.100000|121.700000,31.250000"
BV10039816,野生动物园(地铁站),交通设施服务;地铁站;地铁站,150500,上海市,上海市,浦东新区,16号线,"121.699218,31.050325",121.699218,31.050325,021,310115,[],021-63189188,"121.550000,30.950000|121.700000,31.100000"
BV10039924,金京路(地铁站),交通设施服务;地铁站;地铁站,150500,上海市,上海市,浦东新区,12号线,"121.615477,31.279823",121.615477,31.279823,021,310115,[],021-63189188-520300,"121.550000,31.250000|121.700000,31.400000"
BV10960989,金吉路(地铁站),交通设施服务;地铁站;地铁站,150500,上海市,上海市,浦东新区,(在建)22号线一期;9号线,"121.628741,31.264304",121.628741,31.264304,021,310115,[],021-63189188-693000,"121.550000,31.250000|121.700000,31.400000"
BV10960993,金桥(地铁站),交通设施服务;地铁站;地铁站,150500,上海市,上海市,浦东新区,(在建)21号线;9号线,"121.611336,31.260850",121.611336,31.260850,021,310115,[],021-63189188-692900,"121.550000,31.250000|121.700000,31.400000"
BV10039841,金桥路(地铁站),交通设施服务;地铁站;地铁站,150500,上海市,上海市,浦东新区,6号线,"121.581817,31.257084",121.581817,31.257084,021,310115,[],021-64370000,"121.550000,31.250000|121.700000,31.400000"
BV10039922,金海路(地铁站),交通设施服务;地铁站;地铁站,150500,上海市,上海市,浦东新区,12号线;9号线,"121.638629,31.263141",121.638629,31.263141,021,310115,[],021-63189188-693100,"121.550000,31.250000|121.700000,31.400000"
BV10039896,金科路(地铁站),交通设施服务;地铁站;地铁站,150500,上海市,上海市,浦东新区,2号线,"121.601989,31.204213",121.601989,31.204213,021,310115,[],021-63189188-622600,"121.550000,31.100000|121.700000,31.250000"
BV10039958,金粤路(地铁站),交通设施服务;地铁站;地铁站,150500,上海市,上海市,浦东新区,14号线,"121.629016,31.242092",121.629016,31.242092,021,310115,[],021-63189188-543010,"121.550000,31.100000|121.700000,31.250000"
BV09237108,金闻路(地铁站),交通设施服务;地铁站;地铁站,150500,上海市,上海市,浦东新区,(在建)21号线东延伸段,"121.774627,31.117968",121.774627,31.117968,021,310115,[],[],"121.700000,31.100000|121.850000,31.250000"
BV10039854,锦绣路(地铁站),交通设施服务;地铁站;地铁站,150500,上海市,上海市,浦东新区,7号线,"121.540041,31.187592",121.540041,31.187592,021,310115,[],021-63189188-673000,"121.400000,31.100000|121.550000,31.250000"
BV10039786,长清路(地铁站),交通设施服务;地铁站;地铁站,150500,上海市,上海市,浦东新区,13号线;7号线,"121.488524,31.174008",121.488524,31.174008,021,310115,[],"021-63189188-532500,021-63189188-672500","121.400000,31.100000|121.550000,31.250000"
BV09237110,闻居路(地铁站),交通设施服务;地铁站;地铁站,150500,上海市,上海市,浦东新区,(在建)21号线东延伸段,"121.764221,31.130673",121.764221,31.130673,021,310115,[],[],"121.700000,31.100000|121.850000,31.250000"
BV10029743,陆家嘴(地铁站),交通设施服务;地铁站;地铁站,150500,上海市,上海市,浦东新区,14号线;2号线,"121.502129,31.238259",121.502129,31.238259,021,310115,[],"021-64370000,021-63189188-541810","121.400000,31.100000|121.550000,31.250000"
BV10039789,陈春路(地铁站),交通设施服务;地铁站;地铁站,150500,上海市,上海市,浦东新区,13号线,"121.558194,31.175095",121.558194,31.175095,021,310115,[],021-63189188-533100,"121.550000,31.100000|121.700000,31.250000"
BV10960992,顾唐路(地铁站),交通设施服务;地铁站;地铁站,150500,上海市,上海市,浦东新区,9号线,"121.656465,31.266074",121.656465,31.266074,021,310115,[],021-63189188-693200,"121.550000,31.250000|121.700000,31.400000"
BV11494928,高宝路(地铁站),交通设施服务;地铁站;地铁站,150500,上海市,上海市,浦东新区,(在建)22号线一期,"121.626466,31.291842",121.626466,31.291842,021,310115,[],[],"121.550000,31.250000|121.700000,31.400000"
BV10854617,高桥(地铁站),交通设施服务;地铁站;地铁站,150500,上海市,上海市,浦东新区,10号线,"121.562971,31.352622",121.562971,31.352622,021,310115,[],021-63189188-503500,"121.550000,31.250000|121.700000,31.400000"
BV10854615,高桥西(地铁站),交通设施服务;地铁站;地铁站,150500,上海市,上海市,浦东新区,10号线,"121.549280,31.351489",121.549280,31.351489,021,310115,[],021-63189188-503400,"121.400000,31.250000|121.550000,31.400000"
BV09079016,高科中路(地铁站),交通设施服务;地铁站;地铁站,150500,上海市,上海市,浦东新区,(在建)13号线东延伸,"121.634318,31.203909",121.634318,31.203909,021,310115,[],[],"121.550000,31.100000|121.700000,31.250000"
BV10025916,高科西路(地铁站),交通设施服务;地铁站;地铁站,150500,上海市,上海市,浦东新区,6号线;7号线,"121.509845,31.185761",121.509845,31.185761,021,310115,[],021-64370000,"121.400000,31.100000|121.550000,31.250000"
BV10039830,高青路(地铁站),交通设施服务;地铁站;地铁站,150500,上海市,上海市,浦东新区,6号线,"121.515787,31.159907",121.515787,31.159907,021,310115,[],021-64370000,"121.400000,31.100000|121.550000,31.250000"
BV09332659,鹏翔路(地铁站),交通设施服务;地铁站;地铁站,150500,上海市,上海市,浦东新区,(在建)南汇支线,"121.844523,31.075103",121.844523,31.075103,021,310115,[],[],"121.700000,30.950000|121.850000,31.100000"
BV10029831,鹤沙航城(地铁站),交通设施服务;地铁站;地铁站,150500,上海市,上海市,浦东新区,16号线,"121.611239,31.077797",121.611239,31.077797,021,310115,[],021-63189188,"121.550000,30.950000|121.700000,31.100000"
BV10718367,鹤涛路(地铁站),交通设施服务;地铁站;地铁站,150500,上海市,上海市,浦东新区,18号线,"121.585960,31.071860",121.585960,31.071860,021,310115,[],021-63189188-580318,"121.550000,30.950000|121.700000,31.100000"
BV10039955,黄杨路(地铁站),交通设施服务;地铁站;地铁站,150500,上海市,上海市,浦东新区,14号线,"121.591014,31.233998",121.591014,31.233998,021,310115,[],021-63189188-542710,"121.550000,31.100000|121.700000,31.250000"
BV11649016,龙东大道(地铁站),交通设施服务;地铁站;地铁站,150500,上海市,上海市,浦东新区,(在建)21号线,"121.616797,31.220768",121.616797,31.220768,021,310115,[],[],"121.550000,31.100000|121.700000,31.250000"
BV10039953,龙居路(地铁站),交通设施服务;地铁站;地铁站,150500,上海市,上海市,浦东新区,14号线,"121.558253,31.256772",121.558253,31.256772,021,310115,[],[],"121.550000,31.250000|121.700000,31.400000"
BV10039851,龙阳路(地铁站),交通设施服务;地铁站;地铁站,150500,上海市,上海市,浦东新区,16号线;18号线;2号线;7号线;磁浮线,"121.557634,31.203575",121.557634,31.203575,021,310115,[],"021-63189188-560100,021-63189188-673200,021-63189188-581218","121.550000,31.100000|121.700000,31.250000"
BV09248055,万安路(地铁站),交通设施服务;地铁站;地铁站,150500,上海市,上海市,虹口区,(在建)20号线一期东段,"121.476339,31.301089",121.476339,31.301089,021,310109,[],[],"121.400000,31.250000|121.550000,31.400000"
BV11581689,上海外国语大学(地铁站),交通设施服务;地铁站;地铁站,150500,上海市,上海市,虹口区,(在建)19号线,"121.481101,31.274864",121.481101,31.274864,021,310109,[],[],"121.400000,31.250000|121.550000,31.400000"
BV10039989,东宝兴路(地铁站),交通设施服务;地铁站;地铁站,150500,上海市,上海市,虹口区,3号线,"121.480202,31.259886",121.480202,31.259886,021,310109,[],021-64370000,"121.400000,31.250000|121.550000,31.400000"
BV10039995,临平路(地铁站),交通设施服务;地铁站;地铁站,150500,上海市,上海市,虹口区,4号线,"121.500696,31.260874",121.500696,31.260874,021,310109,[],[],"121.400000,31.250000|121.550000,31.400000"
BV09024025,凉城路(地铁站),交通设施服务;地铁站;地铁站,150500,上海市,上海市,虹口区,(在建)19号线;(在建)20号线一期东段,"121.469133,31.279874",121.469133,31.279874,021,310109,[],[],"121.400000,31.250000|121.550000,31.400000"
BV11581686,周家嘴路(地铁站),交通设施服务;地铁站;地铁站,150500,上海市,上海市,虹口区,(在建)19号线,"121.501312,31.258495",121.501312,31.258495,021,310109,[],[],"121.400000,31.250000|121.550000,31.400000"
BV10039974,四川北路(地铁站),交通设施服务;地铁站;地铁站,150500,上海市,上海市,虹口区,10号线,"121.484208,31.252035",121.484208,31.252035,021,310109,[],021-63189188-501800,"121.400000,31.250000|121.550000,31.400000"
BV10025270,四平路(地铁站),交通设施服务;地铁站;地铁站,150500,上海市,上海市,虹口区,10号线;8号线,"121.501488,31.274880",121.501488,31.274880,021,310109,[],[],"121.400000,31.250000|121.550000,31.400000"
BV10039932,国际客运中心(地铁站),交通设施服务;地铁站;地铁站,150500,上海市,上海市,虹口区,12号线,"121.498158,31.250160",121.498158,31.250160,021,310109,[],[],"121.400000,31.250000|121.550000,31.400000"
BV10030068,大柏树(地铁站),交通设施服务;地铁站;地铁站,150500,上海市,上海市,虹口区,3号线,"121.483216,31.289433",121.483216,31.289433,021,310109,[],021-64370000,"121.400000,31.250000|121.550000,31.400000"
BV10039931,大连路(地铁站),交通设施服务;地铁站;地铁站,150500,上海市,上海市,虹口区,12号线;4号线,"121.513088,31.257938",121.513088,31.257938,021,310109,[],"021-63189188,021-64370000","121.400000,31.250000|121.550000,31.400000"
BV10039933,天潼路(地铁站),交通设施服务;地铁站;地铁站,150500,上海市,上海市,虹口区,10号线;12号线,"121.482321,31.243815",121.482321,31.243815,021,310109,[],021-63189188-501700,"121.400000,31.100000|121.550000,31.250000"
BV11653223,广灵二路(地铁站),交通设施服务;地铁站;地铁站,150500,上海市,上海市,虹口区,(在建)20号线一期东段,"121.479124,31.281963",121.479124,31.281963,021,310109,[],[],"121.400000,31.250000|121.550000,31.400000"
BV11581693,广灵四路(地铁站),交通设施服务;地铁站;地铁站,150500,上海市,上海市,虹口区,(在建)19号线,"121.465815,31.285999",121.465815,31.285999,021,310109,[],[],"121.400000,31.250000|121.550000,31.400000"
BV10024879,提篮桥(地铁站),交通设施服务;地铁站;地铁站,150500,上海市,上海市,虹口区,(在建)19号线;12号线,"121.506801,31.253518",121.506801,31.253518,021,310109,[],021-63189188-521300,"121.400000,31.250000|121.550000,31.400000"
BV10039912,曲阳路(地铁站),交通设施服务;地铁站;地铁站,150500,上海市,上海市,虹口区,8号线,"121.491138,31.276524",121.491138,31.276524,021,310109,[],021-64370000,"121.400000,31.250000|121.550000,31.400000"
BV10039996,杨树浦路(地铁站),交通设施服务;地铁站;地铁站,150500,上海市,上海市,虹口区,4号线,"121.517210,31.251935",121.517210,31.251935,021,310109,[],021-64370000,"121.400000,31.250000|121.550000,31.400000"
BV10026161,江湾镇(地铁站),交通设施服务;地铁站;地铁站,150500,上海市,上海市,虹口区,(在建)20号线一期东段;3号线,"121.485064,31.305566",121.485064,31.305566,021,310109,[],021-64370000,"121.400000,31.250000|121.550000,31.400000"
BV10039975,海伦路(地铁站),交通设施服务;地铁站;地铁站,150500,上海市,上海市,虹口区,(在建)19号线;10号线;4号线,"121.488697,31.259303",121.488697,31.259303,021,310109,[],"021-63189188,021-63189188-641510","121.400000,31.250000|121.550000,31.400000"
BV11581682,甜爱路(地铁站),交通设施服务;地铁站;地铁站,150500,上海市,上海市,虹口区,(在建)19号线,"121.483602,31.264415",121.483602,31.264415,021,310109,[],[],"121.400000,31.250000|121.550000,31.400000"
BV10024871,虹口足球场(地铁站),交通设施服务;地铁站;地铁站,150500,上海市,上海市,虹口区,3号线;8号线,"121.479154,31.271392",121.479154,31.271392,021,310109,[],"021-64370000,021-63189188-631160","121.400000,31.250000|121.550000,31.400000"
BV10039988,赤峰路(地铁站),交通设施服务;地铁站;地铁站,150500,上海市,上海市,虹口区,3号线,"121.482429,31.281247",121.482429,31.281247,021,310109,[],021-63189188-631170,"121.400000,31.250000|121.550000,31.400000"
BV11581679,车站北路(地铁站),交通设施服务;地铁站;地铁站,150500,上海市,上海市,虹口区,(在建)19号线,"121.467200,31.297161",121.467200,31.297161,021,310109,[],[],"121.400000,31.250000|121.550000,31.400000"
BV09248054,车站南路(地铁站),交通设施服务;地铁站;地铁站,150500,上海市,上海市,虹口区,(在建)20号线一期东段,"121.476841,31.292917",121.476841,31.292917,021,310109,[],[],"121.400000,31.250000|121.550000,31.400000"
BV10024783,邮电新村(地铁站),交通设施服务;地铁站;地铁站,150500,上海市,上海市,虹口区,10号线,"121.494247,31.268431",121.494247,31.268431,021,310109,[],021-63189188-502000,"121.400000,31.250000|121.550000,31.400000"
BV09305182,亭林(地铁站),交通设施服务;地铁站;地铁站,150500,上海市,上海市,金山区,(在建)南枫线,"121.358382,30.893168",121.358382,30.893168,021,310116,[],[],"121.250000,30.800000|121.400000,30.950000"
BV09305181,朱泾(地铁站),交通设施服务;地铁站;地铁站,150500,上海市,上海市,金山区,(在建)南枫线,"121.152396,30.885135",121.152396,30.885135,021,310116,[],[],"121.100000,30.800000|121.250000,30.950000"
BV09305191,朱泾东(地铁站),交通设施服务;地铁站;地铁站,150500,上海市,上海市,金山区,(在建)南枫线,"121.221320,30.895093",121.221320,30.895093,021,310116,[],[],"121.100000,30.800000|121.250000,30.950000"
BV09305192,枫泾站(地铁站),交通设施服务;地铁站;地铁站,150500,上海市,上海市,金山区,(在建)南枫线,"121.031338,30.892551",121.031338,30.892551,021,310116,[],[],"120.950000,30.800000|121.100000,30.950000"
BV09305189,金山北站(地铁站),交通设施服务;地铁站;地铁站,150500,上海市,上海市,金山区,(在建)南枫线,"121.091756,30.892223",121.091756,30.892223,021,310116,[],[],"120.950000,30.800000|121.100000,30.950000"
BV10025388,上海动物园(地铁站),交通设施服务;地铁站;地铁站,150500,上海市,上海市,长宁区,10号线,"121.368137,31.190246",121.368137,31.190246,021,310105,[],021-63189188-500400,"121.250000,31.100000|121.400000,31.250000"
BV10025398,中山公园(地铁站),交通设施服务;地铁站;地铁站,150500,上海市,上海市,长宁区,2号线;3号线;4号线,"121.415773,31.217948",121.415773,31.217948,021,310105,[],"021-64370000,021-63189188-26031080","121.400000,31.100000|121.550000,31.250000"
BV10039970,伊犁路(地铁站),交通设施服务;地铁站;地铁站,150500,上海市,上海市,长宁区,10号线,"121.403899,31.198880",121.403899,31.198880,021,310105,[],021-63189188-500721,"121.400000,31.100000|121.550000,31.250000"
BV10030316,北新泾(地铁站),交通设施服务;地铁站;地铁站,150500,上海市,上海市,长宁区,2号线,"121.373998,31.216395",121.373998,31.216395,021,310105,[],021-64370000,"121.250000,31.100000|121.400000,31.250000"
BV10820972,姚虹路(地铁站),交通设施服务;地铁站;地铁站,150500,上海市,上海市,长宁区,15号线,"121.406405,31.191550",121.406405,31.191550,021,310105,[],021-63189188-551600,"121.400000,31.100000|121.550000,31.250000"
BV10039902,威宁路(地铁站),交通设施服务;地铁站;地铁站,150500,上海市,上海市,长宁区,2号线,"121.387285,31.214870",121.387285,31.214870,021,310105,[],021-64370000,"121.250000,31.100000|121.400000,31.250000"
BV10039901,娄山关路(地铁站),交通设施服务;地铁站;地铁站,150500,上海市,上海市,长宁区,15号线;2号线,"121.404058,31.211158",121.404058,31.211158,021,310105,[],021-63189188-551800,"121.400000,31.100000|121.550000,31.250000"
BV10039971,宋园路(地铁站),交通设施服务;地铁站;地铁站,150500,上海市,上海市,长宁区,10号线,"121.412080,31.196540",121.412080,31.196540,021,310105,[],021-63189188-500800,"121.400000,31.100000|121.550000,31.250000"
BV10039992,延安西路(地铁站),交通设施服务;地铁站;地铁站,150500,上海市,上海市,长宁区,3号线;4号线,"121.417062,31.209616",121.417062,31.209616,021,310105,[],[],"121.400000,31.100000|121.550000,31.250000"
BV10039969,水城路(地铁站),交通设施服务;地铁站;地铁站,150500,上海市,上海市,长宁区,10号线,"121.392259,31.199482",121.392259,31.199482,021,310105,[],021-63189188-500621,"121.250000,31.100000|121.400000,31.250000"
BV10039805,江苏路(地铁站),交通设施服务;地铁站;地铁站,150500,上海市,上海市,长宁区,11号线;2号线,"121.430635,31.220408",121.430635,31.220408,021,310105,[],021-53554630-511700,"121.400000,31.100000|121.550000,31.250000"
BV10039903,淞虹路(地铁站),交通设施服务;地铁站;地铁站,150500,上海市,上海市,长宁区,2号线,"121.359536,31.218225",121.359536,31.218225,021,310105,[],021-63189188-620200,"121.250000,31.100000|121.400000,31.250000"
BV10820978,红宝石路(地铁站),交通设施服务;地铁站;地铁站,150500,上海市,上海市,长宁区,15号线,"121.398372,31.198863",121.398372,31.198863,021,310105,[],021-63189188-551700,"121.250000,31.100000|121.400000,31.250000"
BV10039980,虹桥1号航站楼(地铁站),交通设施服务;地铁站;地铁站,150500,上海市,上海市,长宁区,10号线,"121.347371,31.191363",121.347371,31.191363,021,310105,[],021-63189188-500300,"121.250000,31.100000|121.400000,31.250000"
BV10039972,虹桥路(地铁站),交通设施服务;地铁站;地铁站,150500,上海市,上海市,长宁区,10号线;3号线;4号线,"121.420814,31.197524",121.420814,31.197524,021,310105,[],[],"121.400000,31.100000|121.550000,31.250000"
BV10039968,龙溪路(地铁站),交通设施服务;地铁站;地铁站,150500,上海市,上海市,长宁区,10号线,"121.380034,31.194400",121.380034,31.194400,021,310105,[],021-63189188-500500,"121.250000,31.100000|121.400000,31.250000"
BV10026129,七宝(地铁站),交通设施服务;地铁站;地铁站,150500,上海市,上海市,闵行区,(在建)嘉闵线;9号线,"121.349221,31.155287",121.349221,31.155287,021,310112,[],021-64370000,"121.250000,31.100000|121.400000,31.250000"
BV09373929,七宝北(地铁站),交通设施服务;地铁站;地铁站,150500,上海市,上海市,闵行区,(在建)嘉闵线,"121.343565,31.163683",121.343565,31.163683,021,310112,[],[],"121.250000,31.100000|121.400000,31.250000"
BV10037368,七莘路(地铁站),交通设施服务;地铁站;地铁站,150500,上海市,上海市,闵行区,(在建)12号线西延线;(在建)嘉闵线;12号线,"121.362461,31.131634",121.362461,31.131634,021,310112,[],021-63189188-523110,"121.250000,31.100000|121.400000,31.250000"
BV10538971,三鲁公路(地铁站),交通设施服务;地铁站;地铁站,150500,上海市,上海市,闵行区,浦江线,"121.527389,31.056108",121.527389,31.056108,021,310112,[],021-64370000,"121.400000,30.950000|121.550000,31.100000"
BV10039936,东兰路(地铁站),交通设施服务;地铁站;地铁站,150500,上海市,上海市,闵行区,12号线,"121.391919,31.155826",121.391919,31.155826,021,310112,[],021-63189188-522910,"121.250000,31.100000|121.400000,31.250000"
BV10538975,东城一路(地铁站),交通设施服务;地铁站;地铁站,150500,上海市,上海市,闵行区,浦江线,"121.532093,31.030390",121.532093,31.030390,021,310112,[],021-63189188-688720,"121.400000,30.950000|121.550000,31.100000"
BV10028337,东川路(地铁站),交通设施服务;地铁站;地铁站,150500,上海市,上海市,闵行区,(在建)23号线;5号线,"121.419901,31.018197",121.419901,31.018197,021,310112,[],[],"121.400000,30.950000|121.550000,31.100000"
BV10039876,中春路(地铁站),交通设施服务;地铁站;地铁站,150500,上海市,上海市,闵行区,9号线;市域机场线,"121.334596,31.149766",121.334596,31.149766,021,310112,[],021-64370000,"121.250000,31.100000|121.400000,31.250000"
BV09356645,交大紫竹路(地铁站),交通设施服务;地铁站;地铁站,150500,上海市,上海市,闵行区,(在建)23号线,"121.435324,31.018666",121.435324,31.018666,021,310112,[],[],"121.400000,30.950000|121.550000,31.100000"
BV10820989,元江路(地铁站),交通设施服务;地铁站;地铁站,150500,上海市,上海市,闵行区,15号线,"121.431901,31.062815",121.431901,31.062815,021,310112,[],021-63189188-550300,"121.400000,30.950000|121.550000,31.100000"
BV09332361,兰香湖南路(地铁站),交通设施服务;地铁站;地铁站,150500,上海市,上海市,闵行区,(在建)15号线南延,"121.455472,31.014028",121.455472,31.014028,021,310112,[],[],"121.400000,30.950000|121.550000,31.100000"
BV09332392,前湾公园(地铁站),交通设施服务;地铁站;地铁站,150500,上海市,上海市,闵行区,(在建)13号线西延伸;(在建)示范区线,"121.273391,31.220100",121.273391,31.220100,021,310112,[],[],"121.250000,31.100000|121.400000,31.250000"
BV10040000,剑川路(地铁站),交通设施服务;地铁站;地铁站,150500,上海市,上海市,闵行区,5号线,"121.416582,31.026483",121.416582,31.026483,021,310112,[],[],"121.400000,30.950000|121.550000,31.100000"
BV09356647,北吴路(地铁站),交通设施服务;地铁站;地铁站,150500,上海市,上海市,闵行区,(在建)23号线,"121.462275,31.062725",121.462275,31.062725,021,310112,[],[],"121.400000,30.950000|121.550000,31.100000"
BV10026118,北桥(地铁站),交通设施服务;地铁站;地铁站,150500,上海市,上海市,闵行区,5号线,"121.410054,31.045112",121.410054,31.045112,021,310112,[],[],"121.400000,30.950000|121.550000,31.100000"
BV09373928,北翟路(地铁站),交通设施服务;地铁站;地铁站,150500,上海市,上海市,闵行区,(在建)嘉闵线,"121.322930,31.216011",121.322930,31.216011,021,310112,[],[],"121.250000,31.100000|121.400000,31.250000"
BV09356649,华东师范大学(地铁站),交通设施服务;地铁站;地铁站,150500,上海市,上海市,闵行区,(在建)23号线,"121.465347,31.027562",121.465347,31.027562,021,310112,[],[],"121.400000,30.950000|121.550000,31.100000"
BV10040002,华宁路(地铁站),交通设施服务;地铁站;地铁站,150500,上海市,上海市,闵行区,5号线,"121.395255,31.007467",121.395255,31.007467,021,310112,[],[],"121.250000,30.950000|121.400000,31.100000"
BV10820975,双柏路(地铁站),交通设施服务;地铁站;地铁站,150500,上海市,上海市,闵行区,15号线,"121.421750,31.083214",121.421750,31.083214,021,310112,[],021-63189188-550400,"121.400000,30.950000|121.550000,31.100000"
BV10039878,合川路(地铁站),交通设施服务;地铁站;地铁站,150500,上海市,上海市,闵行区,9号线,"121.384772,31.166542",121.384772,31.166542,021,310112,[],[],"121.250000,31.100000|121.400000,31.250000"
BV10820988,吴中路(地铁站),交通设施服务;地铁站;地铁站,150500,上海市,上海市,闵行区,15号线,"121.413905,31.184345",121.413905,31.184345,021,310112,[],021-63189188-551500,"121.400000,31.100000|121.550000,31.250000"
BV09356644,吴泾(地铁站),交通设施服务;地铁站;地铁站,150500,上海市,上海市,闵行区,(在建)23号线,"121.466244,31.049273",121.466244,31.049273,021,310112,[],[],"121.400000,30.950000|121.550000,31.100000"
BV09356646,吴泾北(地铁站),交通设施服务;地铁站;地铁站,150500,上海市,上海市,闵行区,(在建)23号线,"121.456646,31.094568",121.456646,31.094568,021,310112,[],[],"121.400000,30.950000|121.550000,31.100000"
BV11471645,墨江路(地铁站),交通设施服务;地铁站;地铁站,150500,上海市,上海市,闵行区,(在建)23号线,"121.460042,31.072655",121.460042,31.072655,021,310112,[],[],"121.400000,30.950000|121.550000,31.100000"
BV10039895,外环路(地铁站),交通设施服务;地铁站;地铁站,150500,上海市,上海市,闵行区,1号线,"121.393020,31.120899",121.393020,31.120899,021,310112,[],[],"121.250000,31.100000|121.400000,31.250000"
BV11592915,季乐路(地铁站),交通设施服务;地铁站;地铁站,150500,上海市,上海市,闵行区,(在建)13号线西延伸,"121.277968,31.211110",121.277968,31.211110,021,310112,[],[],"121.250000,31.100000|121.400000,31.250000"
BV10040003,文井路(地铁站),交通设施服务;地铁站;地铁站,150500,上海市,上海市,闵行区,5号线,"121.380775,31.003597",121.380775,31.003597,021,310112,[],021-64370000,"121.250000,30.950000|121.400000,31.100000"
BV10039877,星中路(地铁站),交通设施服务;地铁站;地铁站,150500,上海市,上海市,闵行区,9号线,"121.368903,31.158109",121.368903,31.158109,021,310112,[],021-64370000,"121.250000,31.100000|121.400000,31.250000"
BV10039998,春申路(地铁站),交通设施服务;地铁站;地铁站,150500,上海市,上海市,闵行区,5号线,"121.385818,31.098250",121.385818,31.098250,021,310112,[],[],"121.250000,30.950000|121.400000,31.100000"
BV09301414,景洪路(地铁站),交通设施服务;地铁站;地铁站,150500,上海市,上海市,闵行区,(在建)19号线;15号线;市域机场线,"121.444310,31.109817",121.444310,31.109817,021,310112,[],"021-63189188-550800,021-64370000","121.400000,31.100000|121.550000,31.250000"
BV10820967,景西路(地铁站),交通设施服务;地铁站;地铁站,150500,上海市,上海市,闵行区,15号线,"121.418760,31.099727",121.418760,31.099727,021,310112,[],021-63189188-550600,"121.400000,30.950000|121.550000,31.100000"
BV10820977,曙建路(地铁站),交通设施服务;地铁站;地铁站,150500,上海市,上海市,闵行区,15号线,"121.417897,31.090625",121.417897,31.090625,021,310112,[],021-63189188-550500,"121.400000,30.950000|121.550000,31.100000"
BV10820968,永德路(地铁站),交通设施服务;地铁站;地铁站,150500,上海市,上海市,闵行区,15号线,"121.443203,31.039147",121.443203,31.039147,021,310112,[],021-63189188-550200,"121.400000,30.950000|121.550000,31.100000"
BV10538972,汇臻路(地铁站),交通设施服务;地铁站;地铁站,150500,上海市,上海市,闵行区,浦江线,"121.524558,31.025245",121.524558,31.025245,021,310112,[],021-63189188-688720,"121.400000,30.950000|121.550000,31.100000"
BV10717293,江川路(地铁站),交通设施服务;地铁站;地铁站,150500,上海市,上海市,闵行区,5号线,"121.423474,31.005428",121.423474,31.005428,021,310112,[],[],"121.400000,30.950000|121.550000,31.100000"
BV10039919,江月路(地铁站),交通设施服务;地铁站;地铁站,150500,上海市,上海市,闵行区,8号线,"121.508603,31.084253",121.508603,31.084253,021,310112,[],021-64370000,"121.400000,30.950000|121.550000,31.100000"
BV10039921,沈杜公路(地铁站),交通设施服务;地铁站;地铁站,150500,上海市,上海市,闵行区,8号线;浦江线,"121.512272,31.061427",121.512272,31.061427,021,310112,[],[],"121.400000,30.950000|121.550000,31.100000"
BV10032461,浦江镇(地铁站),交通设施服务;地铁站;地铁站,150500,上海市,上海市,闵行区,8号线,"121.506272,31.096590",121.506272,31.096590,021,310112,[],021-64370000,"121.400000,30.950000|121.550000,31.100000"
BV10538974,浦航路(地铁站),交通设施服务;地铁站;地铁站,150500,上海市,上海市,闵行区,浦江线,"121.530591,31.040993",121.530591,31.040993,021,310112,[],021-63189188-688720,"121.400000,30.950000|121.550000,31.100000"
BV11471647,澄江路(地铁站),交通设施服务;地铁站;地铁站,150500,上海市,上海市,闵行区,(在建)23号线,"121.459611,31.084171",121.459611,31.084171,021,310112,[],[],"121.400000,30.950000|121.550000,31.100000"
BV09373931,申滨南路(地铁站),交通设施服务;地铁站;地铁站,150500,上海市,上海市,闵行区,(在建)嘉闵线,"121.327256,31.175601",121.327256,31.175601,021,310112,[],[],"121.250000,31.100000|121.400000,31.250000"
BV10820981,紫竹高新区(地铁站),交通设施服务;地铁站;地铁站,150500,上海市,上海市,闵行区,(在建)15号线南延;(在建)23号线;15号线,"121.451221,31.023190",121.451221,31.023190,021,310112,[],021-63189188-550100,"121.400000,30.950000|121.550000,31.100000"
BV10039967,紫藤路(地铁站),交通设施服务;地铁站;地铁站,150500,上海市,上海市,闵行区,10号线,"121.364831,31.169674",121.364831,31.169674,021,310112,[],021-63189188-503000,"121.250000,31.100000|121.400000,31.250000"
BV11471649,紫龙路(地铁站),交通设施服务;地铁站;地铁站,150500,上海市,上海市,闵行区,(在建)23号线,"121.469362,31.033822",121.469362,31.033822,021,310112,[],[],"121.400000,30.950000|121.550000,31.100000"
BV11592914,纪翟路(地铁站),交通设施服务;地铁站;地铁站,150500,上海市,上海市,闵行区,(在建)13号线西延伸,"121.278196,31.229840",121.278196,31.229840,021,310112,[],[],"121.250000,31.100000|121.400000,31.250000"
BV09163660,联曹路(地铁站),交通设施服务;地铁站;地铁站,150500,上海市,上海市,闵行区,(在建)19号线,"121.443703,31.096327",121.443703,31.096327,021,310112,[],[],"121.400000,30.950000|121.550000,31.100000"
BV10039920,联航路(地铁站),交通设施服务;地铁站;地铁站,150500,上海市,上海市,闵行区,8号线,"121.510594,31.073567",121.510594,31.073567,021,310112,[],021-64370000,"121.400000,30.950000|121.550000,31.100000"
BV10039966,航中路(地铁站),交通设施服务;地铁站;地铁站,150500,上海市,上海市,闵行区,10号线,"121.355336,31.165417",121.355336,31.165417,021,310112,[],021-63189188-503121,"121.250000,31.100000|121.400000,31.250000"
BV10039918,芦恒路(地铁站),交通设施服务;地铁站;地铁站,150500,上海市,上海市,闵行区,8号线,"121.498226,31.119059",121.498226,31.119059,021,310112,[],021-64370000,"121.400000,31.100000|121.550000,31.250000"
BV10025001,莘庄(地铁站),交通设施服务;地铁站;地铁站,150500,上海市,上海市,闵行区,1号线;5号线,"121.385373,31.111152",121.385373,31.111152,021,310112,[],[],"121.250000,31.100000|121.400000,31.250000"
BV11550036,莘建东路(地铁站),交通设施服务;地铁站;地铁站,150500,上海市,上海市,闵行区,(在建)嘉闵线,"121.379143,31.109615",121.379143,31.109615,021,310112,[],[],"121.250000,31.100000|121.400000,31.250000"
BV10026897,莲花路(地铁站),交通设施服务;地铁站;地铁站,150500,上海市,上海市,闵行区,1号线,"121.402910,31.130900",121.402910,31.130900,021,310112,[],021-63189188-610310,"121.400000,31.100000|121.550000,31.250000"
BV11581692,虹建路(地铁站),交通设施服务;地铁站;地铁站,150500,上海市,上海市,闵行区,(在建)19号线,"121.444993,31.086655",121.444993,31.086655,021,310112,[],[],"121.400000,30.950000|121.550000,31.100000"
BV10039904,虹桥2号航站楼(地铁站),交通设施服务;地铁站;地铁站,150500,上海市,上海市,闵行区,(在建)嘉闵线;(在建)示范区线;10号线;2号线;市域机场线,"121.324443,31.194055",121.324443,31.194055,021,310112,[],[],"121.250000,31.100000|121.400000,31.250000"
BV10039905,虹桥火车站(地铁站),交通设施服务;地铁站;地铁站,150500,上海市,上海市,闵行区,10号线;17号线;2号线,"121.318910,31.193987",121.318910,31.193987,021,310112,[],021-63189188-571378,"121.250000,31.100000|121.400000,31.250000"
BV10820980,虹梅南路(地铁站),交通设施服务;地铁站;地铁站,150500,上海市,上海市,闵行区,15号线,"121.433059,31.103839",121.433059,31.103839,021,310112,[],021-63189188-550700,"121.400000,31.100000|121.550000,31.250000"
BV10039934,虹莘路(地铁站),交通设施服务;地铁站;地铁站,150500,上海市,上海市,闵行区,12号线,"121.380349,31.137452",121.380349,31.137452,021,310112,[],021-63189188-523110,"121.250000,31.100000|121.400000,31.250000"
BV11592917,运乐路(地铁站),交通设施服务;地铁站;地铁站,150500,上海市,上海市,闵行区,(在建)13号线西延伸,"121.283138,31.204527",121.283138,31.204527,021,310112,[],[],"121.250000,31.100000|121.400000,31.250000"
BV10040001,金平路(地铁站),交通设施服务;地铁站;地铁站,150500,上海市,上海市,闵行区,5号线,"121.410186,31.011282",121.410186,31.011282,021,310112,[],[],"121.400000,30.950000|121.550000,31.100000"
BV10039999,银都路(地铁站),交通设施服务;地铁站;地铁站,150500,上海市,上海市,闵行区,(在建)嘉闵线;5号线,"121.390264,31.089345",121.390264,31.089345,021,310112,[],[],"121.250000,30.950000|121.400000,31.100000"
BV10538973,闵瑞路(地铁站),交通设施服务;地铁站;地铁站,150500,上海市,上海市,闵行区,浦江线,"121.530323,31.047956",121.530323,31.047956,021,310112,[],021-63189188-688720,"121.400000,30.950000|121.550000,31.100000"
BV10040004,闵行开发区(地铁站),交通设施服务;地铁站;地铁站,150500,上海市,上海市,闵行区,5号线,"121.369712,31.000627",121.369712,31.000627,021,310112,[],021-64370000,"121.250000,30.950000|121.400000,31.100000"
BV10039935,顾戴路(地铁站),交通设施服务;地铁站;地铁站,150500,上海市,上海市,闵行区,12号线,"121.391850,31.140888",121.391850,31.140888,021,310112,[],021-63189188-523010,"121.250000,31.100000|121.400000,31.250000"
BV10026120,颛桥(地铁站),交通设施服务;地铁站;地铁站,150500,上海市,上海市,闵行区,5号线,"121.401868,31.067013",121.401868,31.067013,021,310112,[],[],"121.400000,30.950000|121.550000,31.100000"
BV10025472,龙柏新村(地铁站),交通设施服务;地铁站;地铁站,150500,上海市,上海市,闵行区,10号线,"121.370480,31.176882",121.370480,31.176882,021,310112,[],021-63189188-502900,"121.250000,31.100000|121.400000,31.250000"
BV10538934,东方绿舟(地铁站),交通设施服务;地铁站;地铁站,150500,上海市,上海市,青浦区,17号线,"121.019534,31.098544",121.019534,31.098544,021,310118,[],021-64370000,"120.950000,30.950000|121.100000,31.100000"
BV09410390,凤溪(地铁站),交通设施服务;地铁站;地铁站,150500,上海市,上海市,青浦区,(在建)示范区线,"121.232024,31.196084",121.232024,31.196084,021,310118,[],[],"121.100000,31.100000|121.250000,31.250000"
BV09234160,华青路(地铁站),交通设施服务;地铁站;地铁站,150500,上海市,上海市,青浦区,(在建)示范区线,"121.129975,31.186773",121.129975,31.186773,021,310118,[],[],"121.100000,31.100000|121.250000,31.250000"
BV10538930,嘉松中路(地铁站),交通设施服务;地铁站;地铁站,150500,上海市,上海市,青浦区,17号线,"121.223916,31.164099",121.223916,31.164099,021,310118,[],021-63189188-570800,"121.100000,31.100000|121.250000,31.250000"
BV09334326,国家会展中心(17号线)(地铁站),交通设施服务;地铁站;地铁站,150500,上海市,上海市,青浦区,17号线,"121.293040,31.191678",121.293040,31.191678,021,310118,[],021-63189188-571200,"121.250000,31.100000|121.400000,31.250000"
BV09334324,国家会展中心(2号线)(地铁站),交通设施服务;地铁站;地铁站,150500,上海市,上海市,青浦区,2号线,"121.299204,31.188367",121.299204,31.188367,021,310118,[],021-63189188-625410,"121.250000,31.100000|121.400000,31.250000"
BV09334328,国家会展中心(地铁站),交通设施服务;地铁站;地铁站,150500,上海市,上海市,青浦区,(在建)13号线西延伸,"121.295280,31.191654",121.295280,31.191654,021,310118,[],[],"121.250000,31.100000|121.400000,31.250000"
BV10538938,徐泾北城(地铁站),交通设施服务;地铁站;地铁站,150500,上海市,上海市,青浦区,17号线,"121.241668,31.175518",121.241668,31.175518,021,310118,[],021-64370000,"121.100000,31.100000|121.250000,31.250000"
BV10538936,徐盈路(地铁站),交通设施服务;地铁站;地铁站,150500,上海市,上海市,青浦区,17号线,"121.253976,31.178101",121.253976,31.178101,021,310118,[],021-63189188-571000,"121.250000,31.100000|121.400000,31.250000"
BV10538929,朱家角(地铁站),交通设施服务;地铁站;地铁站,150500,上海市,上海市,青浦区,17号线,"121.048989,31.100594",121.048989,31.100594,021,310118,[],021-63189188-570200,"120.950000,31.100000|121.100000,31.250000"
BV09410389,朱家角南(地铁站),交通设施服务;地铁站;地铁站,150500,上海市,上海市,青浦区,(在建)示范区线,"121.054358,31.093559",121.054358,31.093559,021,310118,[],[],"120.950000,30.950000|121.100000,31.100000"
BV09234161,水乡客厅(地铁站),交通设施服务;地铁站;地铁站,150500,上海市,上海市,青浦区,(在建)示范区线,"120.917661,31.036866",120.917661,31.036866,021,310118,[],[],"120.800000,30.950000|120.950000,31.100000"
BV10538940,汇金路(地铁站),交通设施服务;地铁站;地铁站,150500,上海市,上海市,青浦区,17号线,"121.151665,31.161221",121.151665,31.161221,021,310118,[],021-63189188-570600,"121.100000,31.100000|121.250000,31.250000"
BV10538939,淀山湖大道(地铁站),交通设施服务;地铁站;地铁站,150500,上海市,上海市,青浦区,17号线,"121.082134,31.134460",121.082134,31.134460,021,310118,[],021-63189188-570300,"120.950000,31.100000|121.100000,31.250000"
BV10538931,漕盈路(地铁站),交通设施服务;地铁站;地铁站,150500,上海市,上海市,青浦区,17号线,"121.096889,31.160467",121.096889,31.160467,021,310118,[],021-63189188-570400,"120.950000,31.100000|121.100000,31.250000"
BV09449679,蟠祥路·国家会计学院(地铁站),交通设施服务;地铁站;地铁站,150500,上海市,上海市,青浦区,2号线,"121.286143,31.181388",121.286143,31.181388,021,310118,[],021-64370000,"121.250000,31.100000|121.400000,31.250000"
BV10538937,蟠龙路(地铁站),交通设施服务;地铁站;地铁站,150500,上海市,上海市,青浦区,17号线,"121.278645,31.186328",121.278645,31.186328,021,310118,[],021-63189188-571100,"121.250000,31.100000|121.400000,31.250000"
BV11592638,西岑(地铁站),交通设施服务;地铁站;地铁站,150500,上海市,上海市,青浦区,(在建)示范区线;17号线,"120.964163,31.070526",120.964163,31.070526,021,310118,[],021-64370000,"120.950000,30.950000|121.100000,31.100000"
BV10538933,赵巷(地铁站),交通设施服务;地铁站;地铁站,150500,上海市,上海市,青浦区,17号线,"121.192279,31.161247",121.192279,31.161247,021,310118,[],021-63189188-570700,"121.100000,31.100000|121.250000,31.250000"
BV09429520,重固(地铁站),交通设施服务;地铁站;地铁站,150500,上海市,上海市,青浦区,(在建)示范区线,"121.185775,31.189973",121.185775,31.189973,021,310118,[],[],"121.100000,31.100000|121.250000,31.250000"
BV10538935,青浦新城(地铁站),交通设施服务;地铁站;地铁站,150500,上海市,上海市,青浦区,(在建)示范区线;17号线,"121.125670,31.158925",121.125670,31.158925,021,310118,[],021-63189188-570500,"121.100000,31.100000|121.250000,31.250000"
BV09234158,青浦新城南(地铁站),交通设施服务;地铁站;地铁站,150500,上海市,上海市,青浦区,(在建)示范区线,"121.102463,31.121578",121.102463,31.121578,021,310118,[],[],"121.100000,31.100000|121.250000,31.250000"
BV10024601,上海火车站(地铁站),交通设施服务;地铁站;地铁站,150500,上海市,上海市,静安区,1号线;3号线;4号线,"121.457939,31.249632",121.457939,31.249632,021,310106,[],"021-64370000,021-26031000-631130","121.400000,31.100000|121.550000,31.250000"
BV10039889,上海马戏城(地铁站),交通设施服务;地铁站;地铁站,150500,上海市,上海市,静安区,(在建)20号线一期东段;(在建)20号线一期西段;1号线,"121.452023,31.279895",121.452023,31.279895,021,310106,[],[],"121.400000,31.250000|121.550000,31.400000"
BV10028891,中兴路(地铁站),交通设施服务;地铁站;地铁站,150500,上海市,上海市,静安区,8号线,"121.469026,31.253228",121.469026,31.253228,021,310106,[],021-64370000,"121.400000,31.250000|121.550000,31.400000"
BV10024692,中山北路(地铁站),交通设施服务;地铁站;地铁站,150500,上海市,上海市,静安区,1号线,"121.459204,31.258891",121.459204,31.258891,021,310106,[],[],"121.400000,31.250000|121.550000,31.400000"
BV10030759,共康路(地铁站),交通设施服务;地铁站;地铁站,150500,上海市,上海市,静安区,1号线,"121.447063,31.318936",121.447063,31.318936,021,310106,[],[],"121.400000,31.250000|121.550000,31.400000"
BV10039782,南京西路(地铁站),交通设施服务;地铁站;地铁站,150500,上海市,上海市,静安区,12号线;13号线;2号线,"121.459971,31.229853",121.459971,31.229853,021,310106,[],"021-63189188-531900,021-63189188-521800","121.400000,31.100000|121.550000,31.250000"
BV09356942,大宁公园(地铁站),交通设施服务;地铁站;地铁站,150500,上海市,上海市,静安区,(在建)20号线一期西段,"121.437757,31.275784",121.437757,31.275784,021,310106,[],[],"121.400000,31.250000|121.550000,31.400000"
BV10039990,宝山路(地铁站),交通设施服务;地铁站;地铁站,150500,上海市,上海市,静安区,3号线;4号线,"121.476298,31.251523",121.476298,31.251523,021,310106,[],021-26031140,"121.400000,31.250000|121.550000,31.400000"
BV10039890,延长路(地铁站),交通设施服务;地铁站;地铁站,150500,上海市,上海市,静安区,1号线,"121.455329,31.271675",121.455329,31.271675,021,310106,[],[],"121.400000,31.250000|121.550000,31.400000"
BV10025089,彭浦新村(地铁站),交通设施服务;地铁站;地铁站,150500,上海市,上海市,静安区,1号线,"121.448642,31.306604",121.448642,31.306604,021,310106,[],[],"121.400000,31.250000|121.550000,31.400000"
BV10039863,昌平路(地铁站),交通设施服务;地铁站;地铁站,150500,上海市,上海市,静安区,7号线,"121.442617,31.233749",121.442617,31.233749,021,310106,[],021-63189188-671800,"121.400000,31.100000|121.550000,31.250000"
BV10039914,曲阜路(地铁站),交通设施服务;地铁站;地铁站,150500,上海市,上海市,静安区,12号线;8号线,"121.471543,31.242307",121.471543,31.242307,021,310106,[],"021-64370000,021-63189188-521600","121.400000,31.100000|121.550000,31.250000"
BV10039948,武定路(地铁站),交通设施服务;地铁站;地铁站,150500,上海市,上海市,静安区,14号线,"121.436157,31.227303",121.436157,31.227303,021,310106,[],[],"121.400000,31.100000|121.550000,31.250000"
BV10030213,汉中路(地铁站),交通设施服务;地铁站;地铁站,150500,上海市,上海市,静安区,12号线;13号线;1号线,"121.458699,31.241883",121.458699,31.241883,021,310106,[],021-63189188-521700,"121.400000,31.100000|121.550000,31.250000"
BV10030431,汶水路(地铁站),交通设施服务;地铁站;地铁站,150500,上海市,上海市,静安区,1号线,"121.450251,31.292556",121.450251,31.292556,021,310106,[],[],"121.400000,31.250000|121.550000,31.400000"
BV10039781,自然博物馆(地铁站),交通设施服务;地铁站;地铁站,150500,上海市,上海市,静安区,13号线,"121.462366,31.236451",121.462366,31.236451,021,310106,[],021-63189188-531800,"121.400000,31.100000|121.550000,31.250000"
BV09130531,虹湾路(地铁站),交通设施服务;地铁站;地铁站,150500,上海市,上海市,静安区,(在建)19号线,"121.467871,31.312218",121.467871,31.312218,021,310106,[],[],"121.400000,31.250000|121.550000,31.400000"
BV10039913,西藏北路(地铁站),交通设施服务;地铁站;地铁站,150500,上海市,上海市,静安区,8号线,"121.468818,31.263453",121.468818,31.263453,021,310106,[],021-64370000,"121.400000,31.250000|121.550000,31.400000"
BV10025485,静安寺(地铁站),交通设施服务;地铁站;地铁站,150500,上海市,上海市,静安区,14号线;2号线;7号线,"121.446533,31.223231",121.446533,31.223231,021,310106,[],"021-63189188-671900,021-63189188-620800,021-63189188-541410","121.400000,31.100000|121.550000,31.250000"
BV10039784,一大会址·新天地(地铁站),交通设施服务;地铁站;地铁站,150500,上海市,上海市,黄浦区,10号线;13号线,"121.475182,31.216367",121.475182,31.216367,021,310101,[],"021-63189188-532100,02163189188-532100","121.400000,31.100000|121.550000,31.250000"
BV10039892,一大会址·黄陂南路(地铁站),交通设施服务;地铁站;地铁站,150500,上海市,上海市,黄浦区,14号线;1号线,"121.472339,31.223653",121.472339,31.223653,021,310101,[],021-63189188-541510,"121.400000,31.100000|121.550000,31.250000"
BV10592246,世博会博物馆(地铁站),交通设施服务;地铁站;地铁站,150500,上海市,上海市,黄浦区,13号线,"121.481592,31.197572",121.481592,31.197572,021,310101,[],021-63189188-532300,"121.400000,31.100000|121.550000,31.250000"
BV10024678,人民广场(地铁站),交通设施服务;地铁站;地铁站,150500,上海市,上海市,黄浦区,1号线;2号线;8号线,"121.475108,31.232687",121.475108,31.232687,021,310101,[],"021-64370000,021-63189188-611300","121.400000,31.100000|121.550000,31.250000"
BV10039900,南京东路(地铁站),交通设施服务;地铁站;地铁站,150500,上海市,上海市,黄浦区,10号线;2号线,"121.484628,31.238101",121.484628,31.238101,021,310101,[],021-63189188-501600,"121.400000,31.100000|121.550000,31.250000"
BV10025227,南浦大桥(地铁站),交通设施服务;地铁站;地铁站,150500,上海市,上海市,黄浦区,4号线,"121.499725,31.208504",121.499725,31.208504,021,310101,[],021-64370000,"121.400000,31.100000|121.550000,31.250000"
BV10039915,大世界(地铁站),交通设施服务;地铁站;地铁站,150500,上海市,上海市,黄浦区,14号线;8号线,"121.479182,31.227392",121.479182,31.227392,021,310101,[],"021-64370000,021-63189188","121.400000,31.100000|121.550000,31.250000"
BV10030206,小南门(地铁站),交通设施服务;地铁站;地铁站,150500,上海市,上海市,黄浦区,9号线,"121.498398,31.216866",121.498398,31.216866,021,310101,[],021-63189188,"121.400000,31.100000|121.550000,31.250000"
BV10025891,打浦桥(地铁站),交通设施服务;地铁站;地铁站,150500,上海市,上海市,黄浦区,9号线,"121.468681,31.206309",121.468681,31.206309,021,310101,[],[],"121.400000,31.100000|121.550000,31.250000"
BV10039891,新闸路(地铁站),交通设施服务;地铁站;地铁站,150500,上海市,上海市,黄浦区,1号线,"121.468151,31.238373",121.468151,31.238373,021,310101,[],021-63189188-611410,"121.400000,31.100000|121.550000,31.250000"
BV10039783,淮海中路(地铁站),交通设施服务;地铁站;地铁站,150500,上海市,上海市,黄浦区,13号线,"121.464363,31.220056",121.464363,31.220056,021,310101,[],021-63189188-532000,"121.400000,31.100000|121.550000,31.250000"
BV10024873,老西门(地铁站),交通设施服务;地铁站;地铁站,150500,上海市,上海市,黄浦区,10号线;8号线,"121.483793,31.219014",121.483793,31.219014,021,310101,[],[],"121.400000,31.100000|121.550000,31.250000"
BV10039916,西藏南路(地铁站),交通设施服务;地铁站;地铁站,150500,上海市,上海市,黄浦区,4号线;8号线,"121.489555,31.201967",121.489555,31.201967,021,310101,[],021-64370000,"121.400000,31.100000|121.550000,31.250000"
BV10030419,豫园(地铁站),交通设施服务;地铁站;地铁站,150500,上海市,上海市,黄浦区,10号线;14号线,"121.487426,31.228005",121.487426,31.228005,021,310101,[],021-63189188-541710,"121.400000,31.100000|121.550000,31.250000"
BV10039882,陆家浜路(地铁站),交通设施服务;地铁站;地铁站,150500,上海市,上海市,黄浦区,8号线;9号线,"121.486115,31.211789",121.486115,31.211789,021,310101,[],021-63189188-681800,"121.400000,31.100000|121.550000,31.250000"
BV10039785,马当路(地铁站),交通设施服务;地铁站;地铁站,150500,上海市,上海市,黄浦区,13号线;9号线,"121.477256,31.209520",121.477256,31.209520,021,310101,[],021-63189188-692000,"121.400000,31.100000|121.550000,31.250000"
BV10039997,鲁班路(地铁站),交通设施服务;地铁站;地铁站,150500,上海市,上海市,黄浦区,4号线,"121.475148,31.199221",121.475148,31.199221,021,310101,[],[],"121.400000,31.100000|121.550000,31.250000"
